date,rate
1/2/2007,10890
1/3/2007,10925
1/4/2007,10722
1/5/2007,10644
1/8/2007,10645
1/9/2007,10687
1/10/2007,10619
1/11/2007,10636
1/12/2007,10679
1/15/2007,10712
1/16/2007,10663
1/17/2007,10708
1/18/2007,10680
1/19/2007,10703
1/22/2007,10781
1/23/2007,10802
1/24/2007,10817
1/25/2007,10775
1/26/2007,10740
1/29/2007,10725
1/30/2007,10568
1/31/2007,10606
2/1/2007,10495
2/2/2007,10529
2/5/2007,10512
2/6/2007,10448
2/7/2007,10531
2/8/2007,10472
2/9/2007,10471
2/12/2007,10475
2/13/2007,10560
2/14/2007,10595
2/15/2007,10618
2/16/2007,10696
2/19/2007,10735
2/20/2007,10761
2/21/2007,10828
2/22/2007,10776
2/23/2007,10779
2/26/2007,10868
2/27/2007,10685
2/28/2007,10750
3/1/2007,10690
3/2/2007,10615
3/5/2007,10340
3/6/2007,10503
3/7/2007,10399
3/8/2007,10570
3/9/2007,10634
3/12/2007,10718
3/13/2007,10522
3/14/2007,10654
3/15/2007,11142
3/16/2007,10719
3/19/2007,10819
3/20/2007,10859
3/21/2007,10897
3/22/2007,10928
3/23/2007,10945
3/26/2007,11018
3/27/2007,11011
3/28/2007,10945
3/29/2007,10977
3/30/2007,11012
4/2/2007,11132
4/3/2007,11094
4/4/2007,11113
4/5/2007,11112
4/6/2007,11054
4/9/2007,11539
4/10/2007,11207
4/11/2007,11211
4/12/2007,11308
4/13/2007,11395
4/16/2007,11394
4/17/2007,11500
4/18/2007,11524
4/19/2007,11485
4/20/2007,11537
4/23/2007,11484
4/24/2007,11432
4/25/2007,11485
4/26/2007,11416
4/27/2007,11461
4/30/2007,11431
5/1/2007,11424
5/2/2007,11371
5/3/2007,11402
5/4/2007,11407
5/7/2007,11367
5/8/2007,11359
5/9/2007,11300
5/10/2007,11259
5/11/2007,11375
5/14/2007,11373
5/15/2007,11383
5/16/2007,11361
5/17/2007,11697
5/18/2007,11266
5/21/2007,11254
5/22/2007,11206
5/23/2007,11255
5/24/2007,11435
5/25/2007,11455
5/28/2007,11450
5/29/2007,11487
5/30/2007,11529
5/31/2007,11637
6/1/2007,11750
6/4/2007,11780
6/5/2007,11845
6/6/2007,11919
6/7/2007,11916
6/8/2007,12194
6/11/2007,11855
6/12/2007,11864
6/13/2007,11881
6/14/2007,11867
6/15/2007,11935
6/18/2007,11944
6/19/2007,11977
6/20/2007,12023
6/21/2007,12114
6/22/2007,12123
6/25/2007,12111
6/26/2007,12130
6/27/2007,12100
6/28/2007,12183
6/29/2007,12229
7/2/2007,12393
7/3/2007,12376
7/4/2007,12374
7/5/2007,12434
7/6/2007,12426
7/9/2007,12357
7/10/2007,12494
7/11/2007,12382
7/12/2007,12483
7/13/2007,12479
7/16/2007,12576
7/17/2007,12521
7/18/2007,12545
7/19/2007,12590
7/20/2007,12638
7/23/2007,12778
7/24/2007,12751
7/25/2007,12705
7/26/2007,12396
7/27/2007,12126
7/30/2007,12220
7/31/2007,12081
8/1/2007,12176
8/2/2007,12181
8/3/2007,12030
8/6/2007,12129
8/7/2007,12140
8/8/2007,12254
8/9/2007,11977
8/10/2007,11920
8/13/2007,11741
8/14/2007,11585
8/15/2007,11286
8/16/2007,11132
8/17/2007,11056
8/20/2007,11171
8/21/2007,11092
8/22/2007,11312
8/23/2007,11357
8/24/2007,11518
8/27/2007,11403
8/28/2007,11168
8/29/2007,11312
8/30/2007,11187
8/31/2007,11212
9/3/2007,11205
9/4/2007,11122
9/5/2007,10928
9/6/2007,11021
9/7/2007,10996
9/11/2007,11468
9/12/2007,11307
9/13/2007,11309
9/14/2007,11380
9/17/2007,11271
9/18/2007,11550
9/19/2007,11715
9/20/2007,11798
9/21/2007,11794
9/24/2007,11846
9/25/2007,11847
9/26/2007,11766
9/27/2007,11916
9/28/2007,11972
10/1/2007,12110
10/2/2007,11962
10/3/2007,11936
10/4/2007,11985
10/5/2007,12007
10/8/2007,12076
10/9/2007,12104
10/10/2007,12037
10/11/2007,12192
10/12/2007,12260
10/15/2007,12091
10/16/2007,11848
10/17/2007,11837
10/18/2007,11881
10/19/2007,11817
10/22/2007,11852
10/23/2007,11973
10/24/2007,11919
10/25/2007,12014
10/26/2007,12094
10/29/2007,12183
10/30/2007,12105
10/31/2007,12194
11/1/2007,11993
11/2/2007,12133
11/5/2007,12175
11/6/2007,12360
11/7/2007,12189
11/8/2007,12269
11/9/2007,12070
11/12/2007,11807
11/13/2007,12016
11/14/2007,12043
11/15/2007,11952
11/16/2007,11979
11/19/2007,11869
11/20/2007,12034
11/21/2007,11819
11/22/2007,11856
11/23/2007,11958
11/27/2007,12005
11/28/2007,12179
11/29/2007,12146
11/30/2007,12262
12/3/2007,12263
12/4/2007,12002
12/5/2007,12368
12/6/2007,12458
12/7/2007,12237
12/10/2007,12323
12/11/2007,12259
12/12/2007,12402
12/13/2007,12377
12/14/2007,12093
12/17/2007,11910
12/18/2007,11898
12/19/2007,11913
12/20/2007,12002
12/21/2007,12032
12/24/2007,12285
12/25/2007,12044
12/26/2007,12294
12/27/2007,12163
12/28/2007,12181
12/31/2007,12144
1/1/2008,12190
1/2/2008,12395
1/3/2008,12169
1/4/2008,12055
1/7/2008,12073
1/8/2008,12082
1/9/2008,12198
1/10/2008,12370
1/11/2008,12296
1/14/2008,12418
1/15/2008,12295
1/16/2008,12177
1/17/2008,11999
1/18/2008,12143
1/21/2008,11756
1/22/2008,12079
1/23/2008,11941
1/24/2008,12132
1/25/2008,12125
1/28/2008,12227
1/29/2008,12224
1/30/2008,12166
1/31/2008,12365
2/1/2008,12706
2/4/2008,12445
2/5/2008,12286
2/6/2008,12303
2/7/2008,12448
2/8/2008,12353
2/11/2008,12379
2/12/2008,12411
2/13/2008,12316
2/14/2008,12354
2/15/2008,12396
2/18/2008,12487
2/19/2008,12536
2/20/2008,12535
2/21/2008,12505
2/22/2008,12681
2/25/2008,12756
2/26/2008,12787
2/27/2008,12776
2/28/2008,12701
2/29/2008,12501
3/3/2008,12620
3/4/2008,12533
3/5/2008,12736
3/6/2008,12477
3/7/2008,12418
3/10/2008,12325
3/11/2008,12615
3/12/2008,12687
3/13/2008,12746
3/14/2008,12696
3/17/2008,12649
3/18/2008,12643
3/19/2008,12520
3/20/2008,12346
3/21/2008,12351
3/24/2008,12559
3/25/2008,12528
3/26/2008,12519
3/27/2008,12765
3/28/2008,12676
3/31/2008,12486
4/2/2008,12518
4/3/2008,12438
4/4/2008,12506
4/7/2008,12621
4/8/2008,12667
4/9/2008,12648
4/10/2008,12771
4/11/2008,12589
4/14/2008,12541
4/15/2008,12460
4/16/2008,12590
4/17/2008,12567
4/18/2008,12616
4/21/2008,12684
4/22/2008,12634
4/23/2008,12673
4/24/2008,12533
4/25/2008,12437
4/28/2008,12436
4/29/2008,12278
4/30/2008,12404
5/2/2008,12408
5/5/2008,12423
5/6/2008,12529
5/7/2008,12346
5/8/2008,12222
5/9/2008,12248
5/12/2008,12277
5/13/2008,12130
5/14/2008,12010
5/15/2008,12170
5/16/2008,12309
5/19/2008,12345
5/20/2008,12356
5/21/2008,12367
5/22/2008,12544
5/23/2008,12535
5/26/2008,12538
5/27/2008,12656
5/28/2008,12576
5/29/2008,12491
5/30/2008,12551
6/2/2008,12539
6/3/2008,12604
6/4/2008,12347
6/5/2008,12214
6/6/2008,12284
6/9/2008,12270
6/10/2008,12102
6/11/2008,12118
6/12/2008,12234
6/13/2008,12023
6/16/2008,12312
6/17/2008,12360
6/18/2008,12367
6/19/2008,12425
6/20/2008,12435
6/23/2008,12390
6/24/2008,12385
6/25/2008,12314
6/26/2008,12296
6/27/2008,12618
6/30/2008,12453
7/2/2008,12520
7/3/2008,12687
7/4/2008,12729
7/7/2008,12445
7/8/2008,12419
7/9/2008,12484
7/10/2008,12586
7/11/2008,12599
7/14/2008,12612
7/15/2008,12874
7/16/2008,12871
7/17/2008,12641
7/18/2008,12612
7/21/2008,12488
7/22/2008,12410
7/23/2008,12397
7/24/2008,12122
7/25/2008,12276
7/28/2008,12313
7/29/2008,12334
7/30/2008,12137
7/31/2008,12080
8/1/2008,12016
8/2/2008,11995
8/3/2008,12010
8/4/2008,12025
8/5/2008,11870
8/6/2008,11792
8/7/2008,11749
8/8/2008,11516
8/9/2008,11521
8/10/2008,11519
8/11/2008,11289
8/12/2008,11280
8/13/2008,11394
8/14/2008,11462
8/15/2008,11565
8/16/2008,11535
8/17/2008,11524
8/18/2008,11655
8/19/2008,11651
8/20/2008,11634
8/21/2008,11650
8/22/2008,11597
8/23/2008,11620
8/24/2008,11602
8/25/2008,11438
8/26/2008,11334
8/27/2008,11490
8/28/2008,11513
8/29/2008,11417
9/1/2008,11311
9/2/2008,11135
9/3/2008,11105
9/4/2008,11062
9/5/2008,10883
9/8/2008,11040
9/9/2008,10964
9/10/2008,10729
9/11/2008,10721
9/12/2008,10840
9/15/2008,10678
9/16/2008,10787
9/17/2008,10759
9/18/2008,11186
9/19/2008,11480
9/22/2008,11190
9/23/2008,11380
9/24/2008,11169
9/25/2008,11247
9/26/2008,11178
9/29/2008,10889
9/30/2008,11082
10/1/2008,11073
10/2/2008,10880
10/3/2008,10851
10/6/2008,10331
10/7/2008,10196
10/8/2008,9878
10/9/2008,9892
10/10/2008,9824
10/13/2008,10092
10/14/2008,10187
10/15/2008,9906
10/16/2008,9983
10/17/2008,9953
10/20/2008,10249
10/21/2008,10179
10/22/2008,9765
10/23/2008,9845
10/24/2008,9153
10/27/2008,9039
10/28/2008,9580
10/29/2008,9512
10/30/2008,9899
10/31/2008,9771
11/3/2008,9933
11/4/2008,10042
11/5/2008,9905
11/6/2008,9639
11/7/2008,9873
11/10/2008,9812
11/11/2008,9680
11/12/2008,9361
11/13/2008,9567
11/14/2008,9306
11/17/2008,9195
11/18/2008,9184
11/19/2008,9121
11/20/2008,8732
11/21/2008,8994
11/24/2008,9052
11/25/2008,9008
11/26/2008,9268
11/27/2008,9212
11/28/2008,9207
12/1/2008,8843
12/2/2008,8950
12/3/2008,8835
12/4/2008,8817
12/5/2008,8878
12/8/2008,9031
12/9/2008,9006
12/10/2008,9029
12/11/2008,9123
12/12/2008,9165
12/15/2008,9257
12/16/2008,9521
12/17/2008,9671
12/18/2008,10025
12/19/2008,9642
12/22/2008,9600
12/23/2008,9531
12/24/2008,9626
12/25/2008,9572
12/26/2008,9612
12/29/2008,9933
12/30/2008,9962
12/31/2008,9973
1/1/2009,10029
1/2/2009,10075
1/5/2009,10138
1/6/2009,10118
1/7/2009,10087
1/8/2009,10223
1/9/2009,10365
1/12/2009,9869
1/13/2009,9565
1/14/2009,9366
1/15/2009,9317
1/16/2009,9368
1/19/2009,9346
1/20/2009,8985
1/21/2009,9021
1/22/2009,9045
1/23/2009,8952
1/26/2009,9083
1/27/2009,9070
1/28/2009,9047
1/29/2009,8941
1/30/2009,8724
2/2/2009,8645
2/3/2009,8761
2/4/2009,8651
2/5/2009,8890
2/6/2009,9187
2/9/2009,9162
2/10/2009,9096
2/11/2009,9006
2/12/2009,8749
2/13/2009,8915
2/16/2009,8932
2/17/2009,8769
2/18/2009,8795
2/19/2009,8753
2/20/2009,8643
2/23/2009,8689
2/24/2009,8902
2/25/2009,8686
2/26/2009,8736
2/27/2009,8454
3/2/2009,8463
3/3/2009,8274
3/4/2009,8435
3/5/2009,8559
3/6/2009,8621
3/9/2009,8484
3/10/2009,8631
3/11/2009,8764
3/12/2009,8695
3/13/2009,8781
3/16/2009,9130
3/17/2009,8878
3/18/2009,9121
3/19/2009,9323
3/20/2009,9581
3/23/2009,9559
3/24/2009,9433
3/25/2009,9957
3/26/2009,10120
3/27/2009,10055
3/30/2009,9815
3/31/2009,9767
4/1/2009,9991
4/2/2009,10199
4/3/2009,10243
4/6/2009,9818
4/7/2009,10211
4/8/2009,10100
4/9/2009,10185
4/10/2009,10294
4/14/2009,9804
4/15/2009,10140
4/16/2009,10064
4/17/2009,9937
4/20/2009,9745
4/21/2009,9456
4/22/2009,9728
4/23/2009,9745
4/24/2009,10003
4/27/2009,9833
4/28/2009,9748
4/29/2009,9869
4/30/2009,9880
5/1/2009,9995
5/4/2009,10086
5/5/2009,10116
5/6/2009,10264
5/7/2009,10370
5/8/2009,10169
5/11/2009,10138
5/12/2009,10215
5/13/2009,10390
5/14/2009,10025
5/15/2009,9855
5/18/2009,10423
5/19/2009,10127
5/20/2009,10597
5/21/2009,10324
5/22/2009,10874
5/25/2009,10837
5/26/2009,10486
5/27/2009,10376
5/28/2009,10496
5/29/2009,11186
6/1/2009,10929
6/2/2009,11040
6/3/2009,11104
6/4/2009,11093
6/5/2009,10543
6/8/2009,10469
6/9/2009,10561
6/10/2009,10668
6/11/2009,11301
6/12/2009,10826
6/15/2009,10612
6/16/2009,10592
6/17/2009,10636
6/18/2009,10777
6/19/2009,11246
6/22/2009,10598
6/23/2009,10745
6/24/2009,10764
6/25/2009,11235
6/26/2009,10870
6/29/2009,11406
6/30/2009,10873
7/1/2009,11231
7/2/2009,10988
7/3/2009,11033
7/6/2009,11153
7/7/2009,10992
7/8/2009,10955
7/9/2009,11075
7/10/2009,10989
7/13/2009,11077
7/14/2009,11214
7/15/2009,11357
7/16/2009,11312
7/17/2009,11278
7/20/2009,11505
7/21/2009,11052
7/22/2009,11094
7/23/2009,11040
7/24/2009,11490
7/27/2009,11045
7/28/2009,11038
7/29/2009,10930
7/30/2009,10996
7/31/2009,11197
8/3/2009,11710
8/4/2009,11360
8/5/2009,11313
8/6/2009,11762
8/7/2009,11338
8/10/2009,11387
8/11/2009,11246
8/12/2009,11310
8/13/2009,11439
8/14/2009,11394
8/17/2009,11276
8/18/2009,11969
8/19/2009,11951
8/20/2009,12001
8/21/2009,12097
8/24/2009,12000
8/25/2009,11976
8/26/2009,12041
8/27/2009,12181
8/28/2009,11993
8/31/2009,12145
9/1/2009,11949
9/2/2009,11932
9/3/2009,12025
9/4/2009,12161
9/7/2009,12138
9/8/2009,12344
9/9/2009,12363
9/10/2009,12307
9/11/2009,12461
9/14/2009,12408
9/15/2009,12339
9/16/2009,12699
9/17/2009,12452
9/18/2009,12440
9/21/2009,12512
9/22/2009,12906
9/23/2009,12719
9/24/2009,12608
9/25/2009,12591
9/28/2009,12614
9/29/2009,12567
9/30/2009,12810
10/1/2009,12526
10/2/2009,12532
10/5/2009,12848
10/6/2009,12944
10/7/2009,12992
10/8/2009,13186
10/9/2009,12919
10/12/2009,12982
10/13/2009,12952
10/14/2009,13249
10/15/2009,13314
10/16/2009,13161
10/19/2009,13462
10/20/2009,13352
10/21/2009,13487
10/22/2009,13496
10/23/2009,13427
10/26/2009,13290
10/27/2009,13275
10/28/2009,12695
10/29/2009,13014
10/30/2009,12700
11/2/2009,12845
11/3/2009,12887
11/4/2009,12882
11/5/2009,12855
11/6/2009,12916
11/9/2009,13267
11/10/2009,13208
11/11/2009,13194
11/12/2009,13071
11/13/2009,13063
11/16/2009,13329
11/17/2009,13268
11/18/2009,13276
11/19/2009,13003
11/20/2009,12896
11/23/2009,13017
11/24/2009,12914
11/25/2009,12998
11/26/2009,12913
11/27/2009,12650
11/30/2009,13080
12/1/2009,13149
12/2/2009,13222
12/3/2009,13307
12/4/2009,13194
12/7/2009,13011
12/8/2009,13111
12/9/2009,13136
12/10/2009,13253
12/11/2009,13339
12/14/2009,13230
12/15/2009,13283
12/16/2009,13005
12/17/2009,12903
12/18/2009,12935
12/21/2009,12817
12/22/2009,12872
12/23/2009,12970
12/24/2009,12868
12/28/2009,13032
12/29/2009,13194
12/30/2009,13307
12/31/2009,13296
1/4/2010,13333
1/5/2010,13504
1/6/2010,13590
1/7/2010,13319
1/8/2010,13390
1/11/2010,13494
1/12/2010,13425
1/13/2010,13467
1/14/2010,13508
1/15/2010,13419
1/18/2010,13475
1/19/2010,13339
1/20/2010,13128
1/21/2010,12969
1/22/2010,12899
1/25/2010,13002
1/26/2010,12876
1/27/2010,12838
1/28/2010,12803
1/29/2010,12736
2/1/2010,13045
2/2/2010,13125
2/3/2010,12882
2/4/2010,12680
2/5/2010,12699
2/8/2010,12566
2/9/2010,12791
2/10/2010,12773
2/11/2010,12832
2/12/2010,12810
2/15/2010,12962
2/16/2010,12996
2/17/2010,12928
2/18/2010,12880
2/19/2010,12933
2/22/2010,12992
2/23/2010,12850
2/24/2010,13029
2/25/2010,12774
2/26/2010,13121
3/1/2010,13289
3/2/2010,13259
3/3/2010,13180
3/4/2010,13032
3/5/2010,13239
3/8/2010,13285
3/9/2010,13362
3/10/2010,13337
3/11/2010,13325
3/12/2010,13362
3/15/2010,13070
3/16/2010,13565
3/17/2010,13580
3/18/2010,13588
3/19/2010,13456
3/22/2010,13437
3/23/2010,13389
3/24/2010,12955
3/25/2010,13387
3/26/2010,13360
3/29/2010,13487
3/30/2010,13518
3/31/2010,13466
4/1/2010,13474
4/2/2010,13206
4/5/2010,13384
4/6/2010,13435
4/7/2010,13254
4/8/2010,13458
4/9/2010,13575
4/12/2010,13517
4/13/2010,13433
4/14/2010,13547
4/15/2010,13477
4/16/2010,13272
4/19/2010,13262
4/20/2010,13290
4/21/2010,13256
4/22/2010,13406
4/23/2010,13533
4/26/2010,13498
4/27/2010,13476
4/28/2010,13570
4/29/2010,13686
4/30/2010,13713
5/3/2010,13861
5/4/2010,13600
5/5/2010,13710
5/6/2010,13472
5/7/2010,13487
5/10/2010,13501
5/11/2010,13570
5/12/2010,13528
5/13/2010,13483
5/14/2010,13394
5/17/2010,12980
5/18/2010,13042
5/19/2010,12577
5/20/2010,12641
5/21/2010,12845
5/24/2010,12707
5/25/2010,12679
5/26/2010,12661
5/27/2010,12892
5/28/2010,12854
5/31/2010,12622
6/1/2010,12807
6/2/2010,12879
6/3/2010,12950
6/4/2010,12706
6/7/2010,12279
6/8/2010,12625
6/9/2010,12755
6/10/2010,12752
6/11/2010,13059
6/14/2010,13149
6/15/2010,13208
6/16/2010,13198
6/17/2010,13321
6/18/2010,13359
6/21/2010,13399
6/22/2010,13342
6/23/2010,13273
6/24/2010,13401
6/25/2010,13514
6/28/2010,13365
6/29/2010,12966
6/30/2010,12981
7/1/2010,13133
7/2/2010,13076
7/5/2010,12889
7/6/2010,13169
7/7/2010,13400
7/8/2010,13303
7/9/2010,13337
7/12/2010,13394
7/13/2010,13670
7/14/2010,13505
7/15/2010,13800
7/16/2010,13323
7/19/2010,13452
7/20/2010,13704
7/21/2010,13354
7/22/2010,13631
7/23/2010,13862
7/26/2010,13982
7/27/2010,13741
7/28/2010,13752
7/29/2010,13803
7/30/2010,13835
8/2/2010,13750
8/3/2010,13969
8/4/2010,13864
8/5/2010,13707
8/6/2010,13951
8/9/2010,13882
8/10/2010,13764
8/11/2010,13550
8/12/2010,13581
8/13/2010,13434
8/16/2010,13228
8/17/2010,13371
8/18/2010,13654
8/19/2010,13544
8/20/2010,13544
8/23/2010,13508
8/24/2010,13472
8/25/2010,13451
8/26/2010,13441
8/27/2010,13645
8/30/2010,13495
8/31/2010,13416
9/1/2010,13845
9/2/2010,13680
9/3/2010,14021
9/6/2010,13865
9/7/2010,13959
9/8/2010,13837
9/9/2010,13891
9/10/2010,13956
9/13/2010,14190
9/14/2010,14267
9/15/2010,14162
9/16/2010,14086
9/17/2010,14115
9/20/2010,14179
9/21/2010,14249
9/22/2010,14014
9/23/2010,13970
9/24/2010,14089
9/27/2010,14070
9/28/2010,14388
9/29/2010,14334
9/30/2010,14045
10/1/2010,14491
10/4/2010,14382
10/5/2010,14569
10/6/2010,14626
10/7/2010,14611
10/8/2010,14681
10/11/2010,14478
10/12/2010,14729
10/13/2010,14739
10/14/2010,14582
10/15/2010,14680
10/18/2010,14439
10/19/2010,14490
10/20/2010,13893
10/21/2010,14529
10/22/2010,14531
10/25/2010,14620
10/26/2010,14568
10/27/2010,14519
10/28/2010,14477
10/29/2010,14827
11/1/2010,14905
11/2/2010,14986
11/3/2010,15102
11/4/2010,15238
11/5/2010,15481
11/8/2010,15296
11/9/2010,15115
11/10/2010,15222
11/11/2010,15138
11/12/2010,15068
11/15/2010,15029
11/16/2010,14744
11/17/2010,14800
11/18/2010,15155
11/19/2010,15159
11/22/2010,14988
11/23/2010,14788
11/24/2010,14817
11/25/2010,14601
11/26/2010,14595
11/29/2010,14492
11/30/2010,14433
12/1/2010,14554
12/2/2010,14712
12/3/2010,14904
12/6/2010,14805
12/7/2010,14716
12/8/2010,14533
12/9/2010,14571
12/10/2010,14554
12/13/2010,14622
12/14/2010,14610
12/15/2010,14398
12/16/2010,14404
12/17/2010,14348
12/20/2010,14404
12/21/2010,14445
12/22/2010,14449
12/23/2010,14558
12/24/2010,14564
12/27/2010,14603
12/28/2010,14685
12/29/2010,14916
12/30/2010,14998
12/31/2010,15163
1/3/2011,15048
1/4/2011,14937
1/5/2011,14749
1/6/2011,14700
1/7/2011,14813
1/10/2011,14848
1/11/2011,14523
1/12/2011,14830
1/13/2011,15011
1/14/2011,14922
1/17/2011,15025
1/18/2011,15009
1/19/2011,14887
1/20/2011,14520
1/21/2011,14455
1/24/2011,14867
1/25/2011,14935
1/26/2011,14867
1/27/2011,14825
1/28/2011,14817
1/31/2011,15039
2/1/2011,15214
2/2/2011,15062
2/3/2011,15033
2/4/2011,14955
2/7/2011,14777
2/8/2011,15085
2/9/2011,15006
2/10/2011,14813
2/11/2011,14790
2/14/2011,14698
2/15/2011,14634
2/16/2011,14694
2/17/2011,14764
2/18/2011,14817
2/21/2011,14856
2/22/2011,14552
2/23/2011,14498
2/24/2011,14618
2/25/2011,14609
2/28/2011,14647
3/1/2011,14544
3/2/2011,14459
3/3/2011,14391
3/4/2011,14365
3/7/2011,14346
3/8/2011,14404
3/9/2011,15346
3/10/2011,15310
3/11/2011,15506
3/14/2011,15400
3/15/2011,15266
3/16/2011,15059
3/17/2011,15047
3/18/2011,15243
3/21/2011,15101
3/22/2011,15410
3/23/2011,15517
3/24/2011,15665
3/25/2011,15506
3/28/2011,15475
3/29/2011,15782
3/30/2011,15893
3/31/2011,15877
4/1/2011,16025
4/3/2011,15758
4/4/2011,15799
4/5/2011,16013
4/6/2011,16230
4/7/2011,16224
4/8/2011,16077
4/9/2011,16051
4/11/2011,16326
4/12/2011,16093
4/13/2011,16457
4/14/2011,16576
4/15/2011,16695
4/17/2011,16435
4/18/2011,16433
4/19/2011,16489
4/20/2011,16636
4/21/2011,16555
4/24/2011,16636
4/25/2011,16626
4/26/2011,16689
4/27/2011,16569
4/28/2011,16512
4/29/2011,16579
4/30/2011,16544
5/2/2011,16407
5/3/2011,16357
5/4/2011,16168
5/5/2011,16015
5/6/2011,16239
5/7/2011,16122
5/9/2011,16280
5/10/2011,16321
5/11/2011,16249
5/12/2011,16121
5/13/2011,16127
5/15/2011,16157
5/16/2011,15884
5/17/2011,16059
5/18/2011,16317
5/19/2011,16340
5/20/2011,16445
5/21/2011,16365
5/23/2011,16305
5/24/2011,16226
5/25/2011,16389
5/26/2011,16589
5/27/2011,16777
5/28/2011,16545
5/30/2011,16598
5/31/2011,16725
6/1/2011,16712
6/2/2011,16675
6/3/2011,16716
6/5/2011,16432
6/6/2011,16539
6/7/2011,16833
6/8/2011,16900
6/9/2011,16919
6/10/2011,16831
6/11/2011,16797
6/13/2011,16738
6/14/2011,16610
6/15/2011,16346
6/16/2011,16391
6/17/2011,16798
6/18/2011,16585
6/20/2011,16688
6/21/2011,16725
6/22/2011,16738
6/23/2011,16738
6/24/2011,16470
6/25/2011,16470
6/27/2011,16533
6/28/2011,16654
6/29/2011,16954
6/30/2011,16767
7/1/2011,16999
7/2/2011,16772
7/4/2011,16909
7/5/2011,16978
7/6/2011,16989
7/7/2011,17081
7/8/2011,17196
7/10/2011,16971
7/11/2011,16954
7/12/2011,16789
7/13/2011,17449
7/14/2011,17291
7/15/2011,17344
7/16/2011,17120
7/18/2011,17328
7/19/2011,17582
7/20/2011,17615
7/21/2011,17703
7/22/2011,17742
7/24/2011,17622
7/25/2011,17690
7/26/2011,17906
7/27/2011,17895
7/28/2011,17874
7/29/2011,18055
7/30/2011,17681
8/1/2011,17824
8/2/2011,17463
8/3/2011,17574
8/4/2011,16983
8/5/2011,17117
8/6/2011,17126
8/8/2011,16596
8/9/2011,17217
8/10/2011,16603
8/11/2011,17035
8/15/2011,16943
8/16/2011,17083
8/17/2011,17159
8/18/2011,16893
8/19/2011,16998
8/20/2011,16798
8/22/2011,17100
8/23/2011,17331
8/24/2011,17247
8/25/2011,17210
8/26/2011,17403
8/27/2011,17224
8/29/2011,17641
8/30/2011,17711
8/31/2011,17729
9/1/2011,17711
9/2/2011,17589
9/3/2011,17437
9/5/2011,17007
9/6/2011,17170
9/7/2011,17337
9/8/2011,17351
9/9/2011,17093
9/11/2011,16995
9/12/2011,17133
9/13/2011,16886
9/14/2011,17021
9/15/2011,17115
9/16/2011,17235
9/19/2011,16791
9/20/2011,17087
9/21/2011,16634
9/22/2011,16057
9/23/2011,15982
9/24/2011,15964
9/26/2011,16218
9/27/2011,16386
9/28/2011,16111
9/29/2011,15792
9/30/2011,15844
10/3/2011,15643
10/4/2011,15378
10/5/2011,15922
10/6/2011,15998
10/7/2011,16020
10/9/2011,15705
10/10/2011,16116
10/11/2011,16007
10/12/2011,16544
10/13/2011,16471
10/14/2011,16800
10/15/2011,16430
10/17/2011,16547
10/18/2011,16568
10/19/2011,16585
10/20/2011,16401
10/21/2011,16788
10/22/2011,16413
10/24/2011,16845
10/25/2011,16685
10/26/2011,16521
10/27/2011,17227
10/28/2011,17214
10/31/2011,16739
11/1/2011,16440
11/2/2011,16229
11/3/2011,16475
11/4/2011,16657
11/5/2011,16497
11/7/2011,16689
11/8/2011,16737
11/9/2011,16157
11/10/2011,16303
11/11/2011,16467
11/13/2011,16247
11/14/2011,16100
11/15/2011,15926
11/16/2011,15794
11/17/2011,15739
11/18/2011,15686
11/19/2011,15761
11/21/2011,15500
11/22/2011,15515
11/23/2011,15316
11/24/2011,15354
11/25/2011,15329
11/26/2011,15342
11/27/2011,15544
11/28/2011,15701
11/29/2011,15847
11/30/2011,16331
12/1/2011,16160
12/2/2011,16312
12/3/2011,16218
12/4/2011,16279
12/5/2011,16361
12/6/2011,16356
12/7/2011,16363
12/8/2011,16187
12/9/2011,16258
12/10/2011,16046
12/12/2011,15881
12/13/2011,15811
12/14/2011,15718
12/15/2011,15858
12/16/2011,15957
12/18/2011,15778
12/19/2011,15877
12/20/2011,16128
12/21/2011,15914
12/22/2011,16242
12/23/2011,16250
12/24/2011,16042
12/26/2011,16280
12/27/2011,16202
12/28/2011,16128
12/29/2011,16199
12/30/2011,16311
12/31/2011,16074
1/2/2012,16180
1/3/2012,16371
1/4/2012,16293
1/5/2012,16399
1/6/2012,15764
1/7/2012,16283
1/9/2012,16556
1/10/2012,16670
1/11/2012,16743
1/12/2012,16671
1/13/2012,16684
1/14/2012,16545
1/16/2012,16427
1/17/2012,16804
1/18/2012,16882
1/19/2012,16444
1/20/2012,16930
1/21/2012,16506
1/23/2012,17047
1/24/2012,17041
1/25/2012,17168
1/26/2012,17243
1/27/2012,17321
1/28/2012,16895
1/30/2012,16898
1/31/2012,17335
2/1/2012,17492
2/2/2012,17466
2/3/2012,17497
2/4/2012,17348
2/6/2012,17420
2/7/2012,17431
2/8/2012,17231
2/9/2012,17416
2/10/2012,17263
2/11/2012,17075
2/12/2012,17160
2/13/2012,17318
2/14/2012,17383
2/15/2012,17316
2/16/2012,17150
2/17/2012,17308
2/18/2012,17062
2/19/2012,17273
2/20/2012,17228
2/21/2012,17366
2/22/2012,17232
2/23/2012,17403
2/24/2012,17160
2/25/2012,17113
2/27/2012,17472
2/28/2012,17460
2/29/2012,17368
3/1/2012,17432
3/2/2012,17241
3/3/2012,17058
3/4/2012,17074
3/5/2012,17094
3/6/2012,16919
3/7/2012,16921
3/8/2012,17143
3/9/2012,17081
3/12/2012,17056
3/13/2012,17097
3/14/2012,16802
3/15/2012,17031
3/16/2012,17143
3/17/2012,16776
3/19/2012,17172
3/20/2012,16998
3/21/2012,16900
3/22/2012,16875
3/23/2012,17032
3/24/2012,16789
3/25/2012,16785
3/26/2012,17120
3/27/2012,17055
3/28/2012,17018
3/29/2012,16990
3/30/2012,17000
3/31/2012,16799
4/2/2012,17137
4/3/2012,17010
4/4/2012,16944
4/5/2012,16958
4/6/2012,17037
4/7/2012,16806
4/8/2012,16784
4/9/2012,17071
4/10/2012,16940
4/11/2012,17037
4/12/2012,17218
4/13/2012,17120
4/14/2012,17002
4/15/2012,16999
4/16/2012,17058
4/17/2012,17098
4/18/2012,16969
4/19/2012,16942
4/20/2012,17027
4/22/2012,16762
4/23/2012,16917
4/24/2012,16917
4/25/2012,16954
4/26/2012,16736
4/27/2012,17112
4/29/2012,16891
4/30/2012,17120
5/1/2012,16958
5/2/2012,16798
5/3/2012,16646
5/4/2012,16500
5/5/2012,16398
5/6/2012,16333
5/7/2012,16575
5/8/2012,16154
5/9/2012,16307
5/10/2012,16317
5/11/2012,16286
5/12/2012,16090
5/13/2012,16047
5/14/2012,16170
5/15/2012,16007
5/16/2012,15924
5/17/2012,15678
5/18/2012,15719
5/19/2012,15410
5/21/2012,15949
5/22/2012,15581
5/23/2012,15543
5/24/2012,15525
5/25/2012,15551
5/27/2012,15663
5/28/2012,15695
5/29/2012,15672
5/30/2012,15524
5/31/2012,15503
6/1/2012,15349
6/3/2012,15312
6/4/2012,15514
6/5/2012,15573
6/6/2012,15822
6/7/2012,15920
6/8/2012,16122
6/9/2012,15834
6/10/2012,15962
6/11/2012,15985
6/12/2012,16009
6/13/2012,15967
6/14/2012,16088
6/15/2012,16462
6/16/2012,16229
6/18/2012,16581
6/19/2012,16347
6/20/2012,16470
6/21/2012,16389
6/22/2012,16527
6/23/2012,16239
6/24/2012,16208
6/25/2012,16440
6/26/2012,16285
6/27/2012,16547
6/28/2012,16400
6/29/2012,16382
6/30/2012,16380
7/2/2012,16582
7/3/2012,16739
7/4/2012,16573
7/5/2012,16683
7/6/2012,16527
7/7/2012,16527
7/9/2012,16343
7/10/2012,16387
7/11/2012,16404
7/12/2012,16214
7/13/2012,16579
7/14/2012,16278
7/16/2012,16233
7/17/2012,16594
7/18/2012,16358
7/19/2012,16720
7/20/2012,16507
7/21/2012,16505
7/23/2012,16400
7/24/2012,16106
7/25/2012,16450
7/26/2012,16654
7/27/2012,16848
7/29/2012,16621
7/30/2012,16615
7/31/2012,16844
8/1/2012,16711
8/2/2012,16735
8/3/2012,16681
8/4/2012,16687
8/6/2012,16776
8/7/2012,16774
8/8/2012,16668
8/9/2012,16885
8/10/2012,16665
8/11/2012,16662
8/13/2012,16650
8/14/2012,16640
8/15/2012,16555
8/16/2012,16538
8/17/2012,16605
8/18/2012,16607
8/19/2012,16605
8/20/2012,16573
8/22/2012,16598
8/23/2012,16699
8/24/2012,16668
8/25/2012,16668
8/27/2012,16647
8/28/2012,16501
8/29/2012,16491
8/30/2012,16447
8/31/2012,16488
9/1/2012,16494
9/2/2012,16440
9/3/2012,16363
9/4/2012,16335
9/5/2012,16254
9/6/2012,16428
9/7/2012,16519
9/8/2012,16519
9/10/2012,16673
9/11/2012,16722
9/12/2012,16873
9/13/2012,16977
9/14/2012,17022
9/15/2012,17018
9/17/2012,16989
9/18/2012,17009
9/19/2012,16987
9/20/2012,17022
9/21/2012,17066
9/22/2012,17068
9/24/2012,16869
9/25/2012,16849
9/26/2012,16943
9/27/2012,17028
9/28/2012,17155
9/29/2012,17153
10/1/2012,17249
10/2/2012,16990
10/3/2012,16888
10/4/2012,16818
10/5/2012,17039
10/7/2012,16773
10/8/2012,16832
10/9/2012,16867
10/10/2012,16766
10/11/2012,16769
10/12/2012,16796
10/13/2012,16791
10/14/2012,16750
10/15/2012,16763
10/16/2012,16671
10/17/2012,16880
10/18/2012,16892
10/19/2012,16965
10/20/2012,16784
10/21/2012,16763
10/22/2012,16803
10/23/2012,16879
10/24/2012,17064
10/25/2012,16899
10/26/2012,16820
10/27/2012,16830
10/29/2012,16821
10/30/2012,16860
10/31/2012,16946
11/1/2012,17029
11/2/2012,17004
11/3/2012,16997
11/4/2012,16994
11/5/2012,16950
11/6/2012,16976
11/7/2012,17037
11/8/2012,16697
11/9/2012,16705
11/10/2012,16706
11/11/2012,16721
11/12/2012,16791
11/13/2012,16789
11/14/2012,16654
11/15/2012,16864
11/16/2012,16682
11/17/2012,16669
11/19/2012,16813
11/20/2012,16774
11/21/2012,16718
11/22/2012,16752
11/23/2012,16823
11/24/2012,16828
11/26/2012,16855
11/27/2012,17072
11/28/2012,16835
11/29/2012,16907
11/30/2012,16864
12/1/2012,16872
12/3/2012,17060
12/4/2012,16916
12/5/2012,17229
12/6/2012,17199
12/7/2012,17320
12/8/2012,17101
12/10/2012,17082
12/11/2012,17222
12/12/2012,17235
12/13/2012,17288
12/14/2012,17279
12/15/2012,17285
12/17/2012,17324
12/18/2012,17191
12/19/2012,17245
12/20/2012,17351
12/21/2012,17114
12/24/2012,16934
12/25/2012,16932
12/26/2012,17043
12/27/2012,16886
12/28/2012,16784
12/29/2012,16775
12/31/2012,16937
1/1/2013,16942
1/2/2013,17193
1/3/2013,17195
1/4/2013,16989
1/5/2013,17295
1/7/2013,17078
1/8/2013,17249
1/9/2013,17213
1/10/2013,17102
1/11/2013,17069
1/12/2013,17054
1/14/2013,17524
1/15/2013,17343
1/16/2013,17466
1/17/2013,17174
1/18/2013,17228
1/19/2013,17227
1/20/2013,17217
1/21/2013,17159
1/22/2013,17495
1/23/2013,17520
1/24/2013,17119
1/25/2013,17156
1/26/2013,17155
1/28/2013,17114
1/29/2013,17150
1/30/2013,17140
1/31/2013,17209
2/1/2013,17344
2/3/2013,17375
2/4/2013,17367
2/5/2013,17326
2/6/2013,17211
2/7/2013,17341
2/8/2013,17233
2/9/2013,17230
2/11/2013,17143
2/12/2013,17258
2/13/2013,17432
2/14/2013,17437
2/15/2013,17312
2/16/2013,17315
2/18/2013,17351
2/19/2013,17588
2/20/2013,17284
2/21/2013,17174
2/22/2013,17211
2/23/2013,17218
2/25/2013,17407
2/26/2013,17018
2/27/2013,17008
2/28/2013,17103
3/1/2013,16998
3/2/2013,16998
3/4/2013,16936
3/5/2013,17192
3/6/2013,17160
3/7/2013,16969
3/8/2013,17090
3/9/2013,17087
3/11/2013,16969
3/12/2013,16993
3/13/2013,16948
3/14/2013,16837
3/15/2013,17055
3/16/2013,17053
3/18/2013,17037
3/19/2013,17092
3/20/2013,17010
3/21/2013,17195
3/22/2013,17178
3/23/2013,17178
3/25/2013,17409
3/26/2013,17299
3/27/2013,17262
3/28/2013,17495
3/29/2013,17241
3/30/2013,17251
4/1/2013,17520
4/2/2013,17369
4/3/2013,17585
4/4/2013,17192
4/5/2013,17330
4/7/2013,17253
4/8/2013,17455
4/9/2013,17492
4/10/2013,17929
4/11/2013,17759
4/12/2013,17577
4/13/2013,17573
4/14/2013,17554
4/15/2013,17407
4/16/2013,17395
4/17/2013,17515
4/18/2013,17428
4/19/2013,17596
4/21/2013,17357
4/22/2013,17340
4/23/2013,17613
4/24/2013,17468
4/25/2013,17627
4/26/2013,17369
4/27/2013,17374
4/28/2013,17404
4/29/2013,17519
4/30/2013,17465
5/1/2013,17494
5/2/2013,17675
5/3/2013,17612
5/4/2013,17607
5/5/2013,17828
5/6/2013,17781
5/7/2013,17655
5/8/2013,17410
5/9/2013,17500
5/10/2013,17127
5/11/2013,17128
5/13/2013,17020
5/14/2013,16990
5/15/2013,16963
5/16/2013,16823
5/17/2013,16694
5/18/2013,16691
5/19/2013,16729
5/20/2013,17045
5/21/2013,16801
5/22/2013,16657
5/23/2013,16733
5/24/2013,16738
5/25/2013,16762
5/27/2013,16743
5/28/2013,16810
5/29/2013,16755
5/30/2013,16884
5/31/2013,16437
6/1/2013,16561
6/2/2013,16481
6/3/2013,16683
6/4/2013,16607
6/5/2013,16613
6/6/2013,16403
6/7/2013,16369
6/8/2013,16367
6/9/2013,16263
6/10/2013,16472
6/11/2013,16320
6/12/2013,16406
6/13/2013,16747
6/14/2013,16613
6/15/2013,16626
6/16/2013,16637
6/17/2013,16540
6/18/2013,16550
6/19/2013,16412
6/20/2013,16067
6/21/2013,16149
6/22/2013,16182
6/23/2013,16202
6/24/2013,16057
6/25/2013,16094
6/26/2013,16131
6/27/2013,16118
6/28/2013,16235
6/29/2013,16250
6/30/2013,16235
7/1/2013,16300
7/2/2013,16246
7/3/2013,16443
7/4/2013,16474
7/5/2013,16191
7/6/2013,16191
7/7/2013,16209
7/8/2013,16568
7/9/2013,16496
7/10/2013,16429
7/11/2013,16372
7/12/2013,16203
7/13/2013,16237
7/14/2013,16265
7/15/2013,16439
7/16/2013,16629
7/17/2013,16663
7/18/2013,16659
7/19/2013,16795
7/20/2013,16546
7/22/2013,16896
7/23/2013,16872
7/24/2013,16819
7/25/2013,17009
7/26/2013,17031
7/27/2013,16893
7/28/2013,17049
7/29/2013,16922
7/30/2013,16853
7/31/2013,16736
8/1/2013,16656
8/2/2013,16506
8/3/2013,16214
8/4/2013,16345
8/5/2013,16546
8/6/2013,16661
8/7/2013,16783
8/8/2013,16853
8/9/2013,16944
8/10/2013,16940
8/11/2013,16937
8/12/2013,16823
8/13/2013,16832
8/14/2013,16945
8/15/2013,17011
8/16/2013,17084
8/17/2013,16852
8/18/2013,17117
8/19/2013,17018
8/20/2013,16758
8/21/2013,16573
8/22/2013,16541
8/23/2013,16450
8/24/2013,16239
8/25/2013,16458
8/26/2013,16558
8/27/2013,16433
8/28/2013,16482
8/29/2013,16366
8/30/2013,16286
8/31/2013,16129
9/1/2013,16366
9/2/2013,16484
9/3/2013,16458
9/4/2013,16646
9/5/2013,16637
9/6/2013,16577
9/7/2013,16581
9/8/2013,16853
9/9/2013,16889
9/10/2013,16988
9/11/2013,17138
9/12/2013,17148
9/13/2013,17130
9/14/2013,16903
9/15/2013,17304
9/16/2013,17248
9/17/2013,17367
9/18/2013,17650
9/19/2013,17668
9/20/2013,17637
9/21/2013,17428
9/22/2013,17630
9/23/2013,17640
9/24/2013,17391
9/25/2013,17378
9/26/2013,17482
9/27/2013,17455
9/29/2013,17401
9/30/2013,17482
10/1/2013,17448
10/2/2013,17526
10/3/2013,17484
10/4/2013,17522
10/5/2013,17363
10/6/2013,17530
10/7/2013,17492
10/8/2013,17500
10/9/2013,17509
10/10/2013,17452
10/11/2013,17511
10/12/2013,17344
10/13/2013,17533
10/14/2013,17623
10/15/2013,17666
10/16/2013,17751
10/17/2013,17806
10/18/2013,17928
10/19/2013,17718
10/20/2013,17920
10/21/2013,17830
10/22/2013,17956
10/23/2013,17747
10/24/2013,17581
10/25/2013,17457
10/26/2013,17215
10/27/2013,17492
10/28/2013,17494
10/29/2013,17403
10/30/2013,17395
10/31/2013,17432
11/1/2013,17420
11/2/2013,17229
11/3/2013,17430
11/4/2013,17486
11/5/2013,17625
11/6/2013,17655
11/7/2013,17547
11/8/2013,17395
11/10/2013,17398
11/11/2013,17413
11/12/2013,17318
11/13/2013,17473
11/14/2013,17445
11/15/2013,17264
11/17/2013,17596
11/18/2013,17542
11/19/2013,17662
11/20/2013,17425
11/21/2013,17344
11/22/2013,17275
11/23/2013,16991
11/24/2013,17275
11/25/2013,17344
11/26/2013,17274
11/27/2013,17186
11/28/2013,17104
11/29/2013,17136
11/30/2013,16948
12/1/2013,17212
12/2/2013,17275
12/3/2013,17378
12/4/2013,17288
12/5/2013,17313
12/6/2013,17440
12/7/2013,17223
12/8/2013,17232
12/9/2013,17426
12/10/2013,17499
12/11/2013,17416
12/12/2013,17312
12/13/2013,17403
12/14/2013,17182
12/15/2013,17172
12/16/2013,17391
12/17/2013,17432
12/18/2013,17282
12/19/2013,17254
12/20/2013,17257
12/21/2013,17062
12/22/2013,17069
12/23/2013,17254
12/24/2013,17216
12/26/2013,17173
12/27/2013,17148
12/28/2013,17093
12/29/2013,17104
12/30/2013,17294
12/31/2013,17302
1/1/2014,17085
1/2/2014,17235
1/3/2014,17408
1/4/2014,17271
1/5/2014,17254
1/6/2014,17438
1/7/2014,17421
1/8/2014,17382
1/9/2014,17350
1/10/2014,17467
1/11/2014,17170
1/12/2014,17156
1/13/2014,17619
1/14/2014,17597
1/15/2014,17527
1/16/2014,17566
1/17/2014,17366
1/18/2014,17241
1/19/2014,17229
1/20/2014,17280
1/21/2014,17490
1/22/2014,17467
1/23/2014,17422
1/24/2014,17282
1/25/2014,17127
1/26/2014,17172
1/27/2014,17287
1/28/2014,17392
1/29/2014,17274
1/30/2014,17195
1/31/2014,16999
2/1/2014,16862
2/2/2014,16897
2/3/2014,16974
2/4/2014,17296
2/5/2014,17303
2/6/2014,17339
2/7/2014,17472
2/8/2014,17177
2/9/2014,17150
2/10/2014,17411
2/11/2014,17505
2/12/2014,17523
2/13/2014,17344
2/14/2014,17611
2/15/2014,17430
2/16/2014,17447
2/17/2014,17411
2/18/2014,17476
2/19/2014,17422
2/20/2014,17474
2/21/2014,17419
2/22/2014,17190
2/23/2014,17186
2/24/2014,17535
2/25/2014,17524
2/26/2014,17492
2/27/2014,17604
2/28/2014,17637
3/1/2014,17431
3/2/2014,17389
3/3/2014,17602
3/4/2014,17655
3/5/2014,17709
3/6/2014,17840
3/7/2014,17798
3/8/2014,17639
3/9/2014,17655
3/10/2014,17842
3/11/2014,17802
3/12/2014,17935
3/13/2014,17971
3/14/2014,17949
3/15/2014,17744
3/16/2014,17726
3/17/2014,18013
3/18/2014,18145
3/19/2014,17947
3/20/2014,17945
3/21/2014,17945
3/22/2014,17754
3/23/2014,17760
3/24/2014,17989
3/25/2014,18034
3/26/2014,18086
3/27/2014,18221
3/28/2014,18204
3/29/2014,17999
3/31/2014,18257
4/1/2014,18132
4/2/2014,17830
4/3/2014,17977
4/4/2014,18084
4/5/2014,17877
4/6/2014,17861
4/7/2014,18110
4/8/2014,18234
4/9/2014,18332
4/10/2014,18244
4/11/2014,18268
4/12/2014,18090
4/13/2014,18072
4/14/2014,18273
4/15/2014,18131
4/16/2014,18149
4/17/2014,18064
4/18/2014,18027
4/19/2014,17878
4/20/2014,17932
4/21/2014,18031
4/22/2014,18114
4/23/2014,18129
4/24/2014,18041
4/25/2014,18066
4/28/2014,17987
4/29/2014,18016
4/30/2014,18136
5/1/2014,18169
5/2/2014,18235
5/5/2014,18254
5/6/2014,18294
5/7/2014,18214
5/8/2014,18210
5/9/2014,18127
5/12/2014,18159
5/13/2014,18171
5/14/2014,18233
5/15/2014,18219
5/16/2014,18159
5/17/2014,18000
5/19/2014,18161
5/20/2014,18040
5/21/2014,18040
5/22/2014,18029
5/23/2014,17964
5/26/2014,17825
5/27/2014,18046
5/28/2014,17912
5/29/2014,17921
5/30/2014,17898
6/2/2014,17808
6/3/2014,17859
6/4/2014,17836
6/5/2014,17978
6/6/2014,17982
6/8/2014,17740
6/9/2014,17926
6/10/2014,18007
6/11/2014,18197
6/12/2014,18324
6/13/2014,18285
6/16/2014,18345
6/17/2014,18328
6/18/2014,18454
6/19/2014,18503
6/20/2014,18468
6/23/2014,18557
6/24/2014,18474
6/25/2014,18605
6/26/2014,18738
6/27/2014,18704
6/30/2014,18573
7/1/2014,18629
7/2/2014,18661
7/3/2014,18607
7/4/2014,18343
7/7/2014,18579
7/8/2014,18673
7/9/2014,18747
7/10/2014,18692
7/11/2014,18629
7/14/2014,18629
7/15/2014,18468
7/16/2014,18437
7/17/2014,18342
7/18/2014,18376
7/20/2014,18188
7/21/2014,18372
7/22/2014,18355
7/23/2014,18229
7/24/2014,18158
7/25/2014,18099
7/28/2014,18094
7/29/2014,18012
7/30/2014,17959
7/31/2014,18027
8/1/2014,17988
8/4/2014,18001
8/5/2014,17850
8/6/2014,17713
8/7/2014,17693
8/8/2014,17691
8/11/2014,17673
8/12/2014,17619
8/13/2014,17733
8/14/2014,17728
8/15/2014,17716
8/18/2014,17690
8/19/2014,17607
8/20/2014,17492
8/21/2014,17543
8/22/2014,17551
8/25/2014,17409
8/26/2014,17432
8/27/2014,17475
8/28/2014,17488
8/29/2014,17521
8/31/2014,17541
9/1/2014,17520
9/2/2014,17354
9/3/2014,17408
9/4/2014,17581
9/5/2014,17396
9/8/2014,17516
9/9/2014,17174
9/10/2014,17182
9/11/2014,17116
9/12/2014,16965
9/13/2014,16981
9/15/2014,17060
9/16/2014,17088
9/17/2014,17002
9/18/2014,16980
9/19/2014,17008
9/20/2014,17025
9/22/2014,16946
9/23/2014,16927
9/24/2014,16957
9/25/2014,16567
9/26/2014,16510
9/27/2014,16519
9/28/2014,16513
9/29/2014,16248
9/30/2014,16289
10/1/2014,16236
10/2/2014,16530
10/3/2014,16384
10/4/2014,16407
10/6/2014,16289
10/7/2014,16306
10/8/2014,16532
10/9/2014,16516
10/10/2014,16384
10/11/2014,16391
10/12/2014,16370
10/13/2014,16400
10/14/2014,16366
10/15/2014,16428
10/16/2014,16528
10/17/2014,16557
10/20/2014,16698
10/21/2014,16727
10/22/2014,16453
10/23/2014,16420
10/24/2014,16429
10/25/2014,16437
10/27/2014,16507
10/28/2014,16556
10/29/2014,16434
10/30/2014,16426
10/31/2014,16388
11/1/2014,16394
11/2/2014,16366
11/3/2014,16452
11/4/2014,16359
11/5/2014,16142
11/6/2014,16310
11/7/2014,16161
11/10/2014,16322
11/11/2014,16329
11/12/2014,16523
11/13/2014,16509
11/14/2014,16496
11/15/2014,16501
11/16/2014,16550
11/17/2014,16708
11/18/2014,16644
11/19/2014,16451
11/20/2014,16520
11/21/2014,16574
11/24/2014,16486
11/25/2014,16412
11/26/2014,16520
11/27/2014,16572
11/28/2014,16499
12/1/2014,16559
12/2/2014,16503
12/3/2014,16307
12/4/2014,16344
12/5/2014,16197
12/8/2014,16077
12/9/2014,16181
12/10/2014,16435
12/11/2014,16402
12/12/2014,16381
12/15/2014,16302
12/16/2014,16398
12/17/2014,16200
12/18/2014,16387
12/19/2014,16301
12/22/2014,16254
12/23/2014,16243
12/24/2014,16269
12/25/2014,16521
12/26/2014,16510
12/29/2014,16348
12/30/2014,16512
12/31/2014,16410
1/1/2015,16649
1/2/2015,16191
1/5/2015,16204
1/6/2015,16339
1/7/2015,16375
1/8/2015,16444
1/9/2015,16456
1/12/2015,16316
1/13/2015,16258
1/14/2015,16186
1/15/2015,16469
1/16/2015,16329
1/19/2015,16282
1/20/2015,16060
1/21/2015,15920
1/22/2015,15765
1/23/2015,15591
1/26/2015,15600
1/27/2015,15634
1/28/2015,15367
1/29/2015,15281
1/30/2015,15277
2/2/2015,15320
2/3/2015,15368
2/4/2015,15486
2/5/2015,15533
2/6/2015,15405
2/9/2015,15511
2/10/2015,15551
2/11/2015,15460
2/12/2015,15563
2/13/2015,15616
2/16/2015,15698
2/17/2015,16058
2/18/2015,15828
2/19/2015,15776
2/20/2015,15755
2/23/2015,15792
2/24/2015,15694
2/25/2015,15903
2/26/2015,15841
2/27/2015,15846
3/2/2015,15746
3/3/2015,15864
3/4/2015,15934
3/5/2015,15718
3/6/2015,15430
3/9/2015,15397
3/10/2015,15289
3/11/2015,15314
3/12/2015,15541
3/13/2015,15404
3/16/2015,15561
3/17/2015,15403
3/18/2015,15835
3/19/2015,15709
3/20/2015,15942
3/23/2015,16183
3/24/2015,16135
3/25/2015,16287
3/26/2015,16044
3/27/2015,15997
3/30/2015,15864
3/31/2015,15770
4/1/2015,15767
4/2/2015,15845
4/3/2015,16348
4/6/2015,16243
4/7/2015,15932
4/8/2015,16037
4/9/2015,16071
4/10/2015,15979
4/13/2015,15832
4/14/2015,15940
4/15/2015,16099
4/16/2015,16164
4/17/2015,16308
4/19/2015,16366
4/20/2015,16235
4/21/2015,16533
4/22/2015,16474
4/23/2015,16337
4/24/2015,16377
4/27/2015,16452
4/28/2015,16658
4/29/2015,16401
4/30/2015,16403
5/1/2015,16264
5/4/2015,16274
5/5/2015,16203
5/6/2015,16185
5/7/2015,16105
5/8/2015,16210
5/11/2015,15905
5/12/2015,16077
5/13/2015,16338
5/14/2015,16282
5/16/2015,16244
5/18/2015,16050
5/19/2015,16015
5/20/2015,15909
5/21/2015,16014
5/22/2015,15880
5/25/2015,15933
5/26/2015,15792
5/27/2015,15769
5/28/2015,15645
5/29/2015,15467
6/1/2015,15476
6/2/2015,15608
6/3/2015,15581
6/4/2015,15528
6/5/2015,15334
6/8/2015,15533
6/9/2015,15576
6/10/2015,15342
6/11/2015,15266
6/12/2015,15195
6/15/2015,15234
6/16/2015,15203
6/17/2015,15006
6/18/2015,15066
6/19/2015,15038
6/22/2015,14956
6/23/2015,14945
6/24/2015,15009
6/25/2015,14998
6/26/2015,14901
6/29/2015,14890
6/30/2015,14775
7/1/2015,14615
7/2/2015,14641
7/3/2015,14554
7/6/2015,14530
7/7/2015,14306
7/8/2015,14393
7/9/2015,14461
7/10/2015,14371
7/13/2015,14311
7/14/2015,14361
7/15/2015,14092
7/16/2015,13976
7/17/2015,13963
7/20/2015,14095
7/21/2015,14210
7/22/2015,14197
7/23/2015,14191
7/24/2015,14097
7/27/2015,14204
7/28/2015,14396
7/29/2015,14294
7/30/2015,14169
7/31/2015,14132
8/3/2015,14083
8/4/2015,14016
8/5/2015,13942
8/6/2015,14034
8/7/2015,14185
8/10/2015,14179
8/11/2015,14068
8/12/2015,14313
8/13/2015,14239
8/14/2015,14275
8/17/2015,14298
8/18/2015,14318
8/19/2015,14422
8/20/2015,14598
8/21/2015,14804
8/24/2015,14329
8/25/2015,14345
8/26/2015,14298
8/27/2015,14325
8/28/2015,14267
8/31/2015,14047
9/1/2015,13987
9/2/2015,14106
9/3/2015,14270
9/4/2015,13875
9/7/2015,13855
9/8/2015,14088
9/9/2015,13857
9/10/2015,13961
9/11/2015,13973
9/14/2015,14038
9/15/2015,14054
9/16/2015,14068
9/17/2015,14112
9/18/2015,14135
9/21/2015,13990
9/22/2015,13900
9/23/2015,13882
9/24/2015,14001
9/25/2015,14129
9/28/2015,13939
9/29/2015,14063
9/30/2015,14122
10/1/2015,14143
10/2/2015,14253
10/5/2015,14361
10/6/2015,14388
10/7/2015,14560
10/8/2015,14566
10/9/2015,14603
10/12/2015,14737
10/13/2015,14653
10/14/2015,14994
10/15/2015,15028
10/16/2015,14945
10/19/2015,14935
10/20/2015,14848
10/21/2015,14766
10/22/2015,15212
10/23/2015,14813
10/26/2015,14897
10/27/2015,14869
10/28/2015,14674
10/29/2015,14726
10/30/2015,14858
11/2/2015,14826
11/3/2015,14617
11/4/2015,14454
11/5/2015,14513
11/6/2015,14337
11/9/2015,14453
11/10/2015,14433
11/11/2015,14388
11/12/2015,14289
11/13/2015,14411
11/16/2015,14315
11/17/2015,14339
11/18/2015,14324
11/19/2015,14491
11/20/2015,14542
11/23/2015,14378
11/24/2015,14499
11/25/2015,14503
11/26/2015,14542
11/27/2015,14417
11/30/2015,14589
12/1/2015,14706
12/2/2015,14675
12/3/2015,14240
12/4/2015,14919
12/7/2015,14632
12/8/2015,14619
12/9/2015,14737
12/10/2015,14907
12/11/2015,14820
12/14/2015,14990
12/15/2015,15117
12/16/2015,15012
12/17/2015,14872
12/18/2015,14869
12/21/2015,14958
12/22/2015,15076
12/23/2015,15078
12/24/2015,15107
12/25/2015,15116
12/28/2015,15181
12/29/2015,15243
12/30/2015,15115
12/31/2015,15172
1/1/2016,15171
1/4/2016,15048
1/5/2016,14828
1/6/2016,14628
1/7/2016,14578
1/8/2016,14393
1/11/2016,14525
1/12/2016,14419
1/13/2016,14220
1/14/2016,14332
1/15/2016,14237
1/18/2016,14212
1/19/2016,14044
1/20/2016,14287
1/21/2016,14463
1/22/2016,14335
1/23/2016,14339
1/25/2016,14128
1/26/2016,14240
1/27/2016,14063
1/28/2016,14141
1/29/2016,14276
2/1/2016,14314
2/2/2016,14286
2/3/2016,14363
2/4/2016,14735
2/5/2016,14536
2/8/2016,14504
2/9/2016,14458
2/10/2016,14651
2/11/2016,14738
2/12/2016,14550
2/14/2016,14577
2/15/2016,14630
2/16/2016,14476
2/17/2016,14635
2/18/2016,14598
2/19/2016,14550
2/20/2016,14541
2/22/2016,14786
2/23/2016,14602
2/24/2016,14590
2/25/2016,14815
2/26/2016,14674
2/29/2016,14483
3/1/2016,14567
3/2/2016,14619
3/3/2016,14645
3/4/2016,14922
3/7/2016,14861
3/8/2016,14794
3/9/2016,14558
3/10/2016,14651
3/11/2016,14728
3/14/2016,14661
3/15/2016,14486
3/16/2016,14621
3/17/2016,15005
3/18/2016,14908
3/19/2016,14913
3/21/2016,14832
3/22/2016,14807
3/23/2016,14796
3/24/2016,14707
3/25/2016,14883
3/28/2016,15001
3/29/2016,15054
3/30/2016,15122
3/31/2016,15172
4/1/2016,15149
4/4/2016,14935
4/5/2016,14922
4/6/2016,14922
4/7/2016,14875
4/8/2016,14927
4/11/2016,15043
4/12/2016,15195
4/13/2016,15167
4/14/2016,15052
4/15/2016,15174
4/18/2016,15338
4/19/2016,15426
4/20/2016,15302
4/21/2016,15175
4/22/2016,15019
4/25/2016,15067
4/26/2016,15116
4/27/2016,15180
4/28/2016,15281
4/29/2016,15310
4/30/2016,15233
5/2/2016,15434
5/3/2016,15299
5/4/2016,15323
5/5/2016,15133
5/6/2016,14997
5/9/2016,14857
5/10/2016,14908
5/11/2016,14946
5/12/2016,14958
5/13/2016,14853
5/16/2016,14944
5/17/2016,14928
5/18/2016,14810
5/19/2016,14838
5/20/2016,14853
5/23/2016,14821
5/24/2016,14823
5/25/2016,14757
5/26/2016,14863
5/27/2016,14742
5/30/2016,14791
5/31/2016,14932
6/1/2016,15055
6/2/2016,15110
6/3/2016,15334
6/6/2016,15213
6/7/2016,15279
6/8/2016,15642
6/9/2016,15655
6/10/2016,15494
6/13/2016,15451
6/14/2016,15323
6/15/2016,15485
6/16/2016,15538
6/17/2016,15459
6/19/2016,15431
6/20/2016,15625
6/21/2016,15735
6/22/2016,15635
6/23/2016,15846
6/24/2016,15550
6/27/2016,15400
6/28/2016,15556
6/29/2016,15584
6/30/2016,15701
7/1/2016,15714
7/2/2016,15726
7/4/2016,15790
7/5/2016,15764
7/6/2016,15599
7/7/2016,15887
7/8/2016,16045
7/9/2016,16043
7/11/2016,15846
7/12/2016,16038
7/13/2016,15911
7/14/2016,15690
7/15/2016,15757
7/16/2016,15759
7/18/2016,15413
7/19/2016,15508
7/20/2016,15268
7/21/2016,15355
7/22/2016,15417
7/25/2016,15341
7/26/2016,15525
7/27/2016,15480
7/28/2016,15563
7/29/2016,15723
7/30/2016,15710
8/1/2016,15733
8/2/2016,15774
8/3/2016,15771
8/4/2016,15754
8/5/2016,15742
8/8/2016,15682
8/9/2016,15674
8/10/2016,15974
8/11/2016,15837
8/12/2016,15771
8/15/2016,15808
8/16/2016,15977
8/17/2016,15929
8/18/2016,15941
8/19/2016,15962
8/22/2016,15954
8/23/2016,16009
8/24/2016,16067
8/25/2016,16029
8/26/2016,16013
8/27/2016,16018
8/28/2016,15991
8/29/2016,15915
8/30/2016,15923
8/31/2016,15873
9/1/2016,15921
9/2/2016,16056
9/5/2016,16055
9/6/2016,16147
9/7/2016,16356
9/8/2016,16289
9/9/2016,16104
9/11/2016,16128
9/12/2016,16121
9/13/2016,15922
9/14/2016,15926
9/15/2016,16062
9/16/2016,16045
9/17/2016,16052
9/19/2016,16004
9/20/2016,16115
9/21/2016,16061
9/22/2016,16086
9/23/2016,15896
9/24/2016,15901
9/26/2016,15961
9/27/2016,16055
9/28/2016,15989
9/29/2016,15897
9/30/2016,15871
10/3/2016,16045
10/4/2016,15729
10/5/2016,15762
10/6/2016,15770
10/7/2016,15649
10/10/2016,15676
10/11/2016,15579
10/12/2016,15502
10/13/2016,15508
10/14/2016,15605
10/15/2016,15603
10/17/2016,15724
10/18/2016,15859
10/19/2016,15884
10/20/2016,15839
10/21/2016,15736
10/22/2016,15731
10/24/2016,15678
10/25/2016,15728
10/26/2016,15720
10/27/2016,15686
10/28/2016,15636
10/31/2016,15678
11/1/2016,15778
11/2/2016,15993
11/3/2016,16048
11/4/2016,16041
11/7/2016,16145
11/8/2016,16231
11/9/2016,16269
11/10/2016,15850
11/11/2016,15635
11/12/2016,15653
11/13/2016,15639
11/14/2016,15726
11/15/2016,15648
11/16/2016,15876
11/17/2016,15638
11/18/2016,15565
11/19/2016,15582
11/21/2016,15696
11/22/2016,15674
11/23/2016,15682
11/24/2016,15699
11/25/2016,15741
11/26/2016,15740
11/28/2016,15805
11/29/2016,15825
11/30/2016,15773
12/1/2016,15768
12/2/2016,15911
12/5/2016,15853
12/6/2016,15945
12/7/2016,15985
12/8/2016,16241
12/9/2016,15869
12/10/2016,15871
12/11/2016,15848
12/12/2016,15968
12/13/2016,16011
12/14/2016,16074
12/15/2016,15755
12/16/2016,15821
12/17/2016,15559
12/19/2016,15542
12/20/2016,15476
12/21/2016,15418
12/22/2016,15465
12/23/2016,15386
12/26/2016,15390
12/27/2016,15422
12/28/2016,15506
12/29/2016,15551
12/30/2016,15548
1/2/2017,15527
1/3/2017,15459
1/4/2017,15478
1/5/2017,15486
1/6/2017,15504
1/9/2017,15485
1/10/2017,15521
1/11/2017,15584
1/12/2017,15827
1/13/2017,15819
1/16/2017,15741
1/17/2017,15984
1/18/2017,15899
1/19/2017,15962
1/20/2017,15818
1/22/2017,15859
1/23/2017,15989
1/24/2017,16124
1/25/2017,16223
1/26/2017,16173
1/27/2017,16129
1/28/2017,16129
1/29/2017,16144
1/30/2017,16148
1/31/2017,16135
2/1/2017,16172
2/2/2017,16491
2/3/2017,16186
2/4/2017,16189
2/6/2017,16235
2/7/2017,16207
2/8/2017,16046
2/9/2017,16076
2/10/2017,16033
2/11/2017,16032
2/13/2017,16075
2/14/2017,16119
2/15/2017,16112
2/16/2017,16091
2/17/2017,16148
2/18/2017,16172
2/20/2017,16115
2/21/2017,16093
2/22/2017,16031
2/23/2017,16503
2/24/2017,16415
2/25/2017,16231
2/27/2017,16363
2/28/2017,16321
3/1/2017,15924
3/2/2017,15864
3/3/2017,16090
3/4/2017,15686
3/5/2017,15680
3/6/2017,15949
3/7/2017,15628
3/8/2017,15525
3/9/2017,15439
3/10/2017,15420
3/13/2017,15533
3/14/2017,15576
3/15/2017,15613
3/16/2017,15573
3/17/2017,15719
3/18/2017,15701
3/20/2017,15821
3/21/2017,15783
3/22/2017,15760
3/23/2017,15763
3/24/2017,15762
3/27/2017,15789
3/28/2017,15758
3/29/2017,15786
3/30/2017,15771
3/31/2017,15712
4/3/2017,15666
4/4/2017,15518
4/5/2017,15569
4/6/2017,15588
4/7/2017,15704
4/8/2017,15511
4/10/2017,15764
4/11/2017,15757
4/12/2017,15854
4/13/2017,15837
4/14/2017,15648
4/17/2017,15622
4/18/2017,15656
4/19/2017,15763
4/20/2017,15676
4/21/2017,15667
4/24/2017,15658
4/25/2017,15496
4/26/2017,15424
4/27/2017,15421
4/28/2017,15418
4/29/2017,15427
5/1/2017,15541
5/2/2017,15565
5/3/2017,15439
5/4/2017,15316
5/5/2017,15423
5/8/2017,15514
5/9/2017,15459
5/10/2017,15280
5/11/2017,15309
5/12/2017,15227
5/15/2017,15360
5/16/2017,15320
5/17/2017,15409
5/18/2017,15447
5/19/2017,15413
5/20/2017,15406
5/22/2017,15634
5/23/2017,15732
5/24/2017,15687
5/25/2017,15683
5/26/2017,15856
5/29/2017,15809
5/30/2017,15791
5/31/2017,15794
6/1/2017,15800
6/2/2017,15878
6/3/2017,15872
6/5/2017,15923
6/6/2017,16015
6/7/2017,15995
6/8/2017,16116
6/9/2017,16080
6/12/2017,16109
6/13/2017,16086
6/14/2017,16192
6/15/2017,16093
6/16/2017,16191
6/19/2017,16242
6/20/2017,16217
6/21/2017,16182
6/22/2017,16252
6/23/2017,16244
6/24/2017,16252
6/25/2017,16248
6/26/2017,16292
6/27/2017,16156
6/28/2017,16327
6/29/2017,16310
6/30/2017,16385
7/3/2017,16332
7/4/2017,16324
7/5/2017,16262
7/6/2017,16545
7/7/2017,16561
7/8/2017,16317
7/10/2017,16237
7/11/2017,16059
7/12/2017,16295
7/13/2017,16370
7/14/2017,16360
7/17/2017,16262
7/18/2017,16456
7/19/2017,16492
7/20/2017,16390
7/21/2017,16660
7/24/2017,16661
7/25/2017,16620
7/26/2017,16699
7/27/2017,16836
7/28/2017,16755
7/31/2017,16645
8/1/2017,16631
8/2/2017,16554
8/3/2017,16627
8/4/2017,16739
8/7/2017,16481
8/8/2017,16482
8/9/2017,16429
8/10/2017,16218
8/11/2017,16293
8/14/2017,16354
8/15/2017,16207
8/16/2017,16277
8/17/2017,16263
8/18/2017,16351
8/21/2017,16328
8/22/2017,16287
8/23/2017,16162
8/24/2017,16131
8/25/2017,16068
8/28/2017,16168
8/29/2017,16356
8/30/2017,16201
8/31/2017,15999
9/1/2017,16096
9/4/2017,16047
9/5/2017,16233
9/6/2017,16137
9/7/2017,16180
9/8/2017,16309
9/11/2017,16319
9/12/2017,16263
9/13/2017,16363
9/14/2017,16164
9/15/2017,16324
9/18/2017,16265
9/19/2017,16373
9/20/2017,16579
9/21/2017,16296
9/22/2017,16451
9/25/2017,16326
9/26/2017,16125
9/27/2017,16159
9/28/2017,16159
9/29/2017,16196
10/2/2017,16117
10/3/2017,16058
10/4/2017,16035
10/5/2017,15967
10/6/2017,15834
10/7/2017,15830
10/9/2017,15821
10/10/2017,15792
10/11/2017,15833
10/12/2017,15986
10/13/2017,16044
10/16/2017,16077
10/17/2017,16047
10/18/2017,15954
10/19/2017,15704
10/20/2017,15612
10/23/2017,15620
10/24/2017,15442
10/25/2017,15379
10/26/2017,15509
10/27/2017,15414
10/30/2017,15379
10/31/2017,15430
11/1/2017,15442
11/2/2017,15452
11/3/2017,15500
11/6/2017,15493
11/7/2017,15424
11/8/2017,15558
11/9/2017,15529
11/10/2017,15462
11/11/2017,15462
11/13/2017,15399
11/14/2017,15284
11/15/2017,15470
11/16/2017,15322
11/17/2017,15251
11/18/2017,15251
11/20/2017,15285
11/21/2017,15299
11/22/2017,15280
11/23/2017,15412
11/24/2017,15302
11/27/2017,15535
11/28/2017,15493
11/29/2017,15395
11/30/2017,15211
12/1/2017,15408
12/2/2017,15408
12/4/2017,15354
12/5/2017,15434
12/6/2017,15416
12/7/2017,15286
12/8/2017,15249
12/9/2017,15249
12/11/2017,15479
12/12/2017,15561
12/13/2017,15596
12/14/2017,15706
12/15/2017,15704
12/18/2017,15661
12/19/2017,15555
12/20/2017,15647
12/21/2017,15681
12/22/2017,15695
12/25/2017,15688
12/26/2017,15724
12/27/2017,15808
12/28/2017,15865
12/29/2017,15830
12/30/2017,15861
1/1/2018,15817
1/2/2018,15881
1/3/2018,15859
1/4/2018,16001
1/5/2018,16065
1/8/2018,16077
1/9/2018,15971
1/10/2018,16192
1/11/2018,16117
1/12/2018,16130
1/13/2018,16130
1/15/2018,16312
1/16/2018,16206
1/17/2018,16305
1/18/2018,16331
1/19/2018,16351
1/20/2018,16351
1/22/2018,16587
1/23/2018,16692
1/24/2018,16634
1/25/2018,16575
1/26/2018,16610
1/29/2018,16599
1/30/2018,16640
1/31/2018,16712
2/1/2018,16770
2/2/2018,16553
2/5/2018,16474
2/6/2018,16619
2/7/2018,16378
2/8/2018,16370
2/9/2018,16436
2/12/2018,16457
2/13/2018,16512
2/14/2018,16721
2/15/2018,16776
2/16/2018,16746
2/19/2018,16813
2/20/2018,16636
2/21/2018,16588
2/22/2018,16610
2/23/2018,16548
2/24/2018,16352
2/25/2018,16328
2/26/2018,16550
2/27/2018,16427
2/28/2018,16364
3/1/2018,16493
3/2/2018,16430
3/5/2018,16410
3/6/2018,16550
3/7/2018,16558
3/8/2018,16487
3/9/2018,16544
3/12/2018,16588
3/13/2018,16654
3/14/2018,16625
3/15/2018,16522
3/16/2018,16408
3/19/2018,16448
3/20/2018,16318
3/21/2018,16436
3/22/2018,16404
3/23/2018,16458
3/24/2018,16230
3/26/2018,16610
3/27/2018,16557
3/28/2018,16426
3/29/2018,16462
3/30/2018,16471
4/1/2018,16250
4/2/2018,16208
4/3/2018,16540
4/4/2018,16659
4/5/2018,16539
4/6/2018,16534
4/9/2018,16347
4/10/2018,16771
4/11/2018,16757
4/12/2018,16787
4/13/2018,16741
4/16/2018,16750
4/17/2018,16686
4/18/2018,16649
4/19/2018,16507
4/20/2018,16377
4/21/2018,16168
4/23/2018,16249
4/24/2018,16173
4/25/2018,16085
4/26/2018,16057
4/27/2018,16083
4/30/2018,15989
5/1/2018,15744
5/2/2018,15888
5/3/2018,15991
5/4/2018,15950
5/5/2018,15725
5/7/2018,15957
5/8/2018,15844
5/9/2018,15760
5/10/2018,15633
5/11/2018,15835
5/13/2018,15603
5/14/2018,15717
5/15/2018,15601
5/16/2018,15693
5/17/2018,15653
5/18/2018,15725
5/19/2018,15502
5/21/2018,15805
5/22/2018,15781
5/23/2018,15752
5/24/2018,15761
5/25/2018,15724
5/28/2018,15806
5/29/2018,15708
5/30/2018,15933
5/31/2018,15949
6/1/2018,15888
6/2/2018,15730
6/4/2018,15833
6/5/2018,16013
6/6/2018,16027
6/7/2018,15976
6/8/2018,16008
6/9/2018,15726
6/11/2018,15983
6/12/2018,15951
6/13/2018,15994
6/14/2018,15855
6/15/2018,15819
6/18/2018,15801
6/19/2018,15747
6/20/2018,15672
6/21/2018,15686
6/22/2018,15769
6/25/2018,15749
6/26/2018,15675
6/27/2018,15550
6/28/2018,15464
6/29/2018,15517
7/2/2018,15378
7/3/2018,15532
7/4/2018,15552
7/5/2018,15631
7/6/2018,15721
7/7/2018,15458
7/9/2018,15755
7/10/2018,15676
7/11/2018,15541
7/12/2018,15582
7/13/2018,15555
7/16/2018,15610
7/17/2018,15566
7/18/2018,15632
7/19/2018,15529
7/20/2018,15652
7/21/2018,15356
7/22/2018,15383
7/23/2018,15604
7/24/2018,15787
7/25/2018,15865
7/26/2018,15703
7/27/2018,15730
7/30/2018,15841
7/31/2018,15814
8/1/2018,15800
8/2/2018,15659
8/3/2018,15685
8/6/2018,15655
8/7/2018,15673
8/8/2018,15561
8/9/2018,15353
8/10/2018,15289
8/13/2018,15305
8/14/2018,15295
8/15/2018,15259
8/16/2018,15325
8/17/2018,15428
8/20/2018,15423
8/21/2018,15567
8/22/2018,15561
8/23/2018,15396
8/24/2018,15276
8/27/2018,15590
8/28/2018,15612
8/29/2018,15609
8/30/2018,15467
8/31/2018,15397
9/3/2018,15370
9/4/2018,15248
9/5/2018,15353
9/6/2018,15322
9/7/2018,15219
9/10/2018,15169
9/11/2018,15140
9/12/2018,15249
9/13/2018,15276
9/14/2018,15198
9/17/2018,15259
9/18/2018,15310
9/19/2018,15457
9/20/2018,15557
9/21/2018,15568
9/22/2018,15355
9/24/2018,15290
9/25/2018,15483
9/26/2018,15532
9/27/2018,15425
9/28/2018,15410
10/1/2018,15381
10/2/2018,15340
10/3/2018,15148
10/4/2018,15097
10/5/2018,15001
10/6/2018,14757
10/7/2018,14745
10/8/2018,15035
10/9/2018,15124
10/10/2018,15061
10/11/2018,15213
10/12/2018,15159
10/15/2018,15310
10/16/2018,15337
10/17/2018,15254
10/18/2018,15240
10/19/2018,15365
10/22/2018,15277
10/23/2018,15272
10/24/2018,15181
10/25/2018,15216
10/26/2018,15180
10/28/2018,14939
10/29/2018,15205
10/30/2018,15286
10/31/2018,15208
11/1/2018,15500
11/2/2018,15508
11/5/2018,15515
11/6/2018,15699
11/7/2018,15796
11/8/2018,15720
11/9/2018,15684
11/12/2018,15622
11/13/2018,15757
11/14/2018,15804
11/15/2018,15881
11/16/2018,16002
11/17/2018,15653
11/19/2018,15921
11/20/2018,15820
11/21/2018,15916
11/22/2018,15868
11/23/2018,15821
11/24/2018,15604
11/26/2018,15788
11/27/2018,15843
11/28/2018,16001
11/29/2018,15988
11/30/2018,16005
12/1/2018,15873
12/3/2018,16115
12/4/2018,16131
12/5/2018,16040
12/6/2018,16028
12/7/2018,15999
12/8/2018,16029
12/9/2018,15954
12/10/2018,15994
12/11/2018,16025
12/12/2018,15958
12/13/2018,15941
12/14/2018,15800
12/15/2018,15831
12/16/2018,15816
12/17/2018,15847
12/18/2018,15954
12/19/2018,15774
12/20/2018,15759
12/21/2018,15593
12/22/2018,15623
12/23/2018,15640
12/24/2018,15426
12/25/2018,15631
12/26/2018,15661
12/27/2018,15532
12/28/2018,15547
12/29/2018,15555
12/30/2018,15555
12/31/2018,15561
1/1/2019,15568
1/2/2019,15381
1/3/2019,15509
1/4/2019,15619
1/5/2019,15627
1/6/2019,15637
1/7/2019,15654
1/8/2019,15630
1/9/2019,15742
1/10/2019,15732
1/11/2019,15818
1/12/2019,15826
1/13/2019,15823
1/14/2019,15830
1/15/2019,15814
1/16/2019,15707
1/17/2019,15679
1/18/2019,15633
1/19/2019,15640
1/20/2019,15634
1/21/2019,15598
1/22/2019,15656
1/23/2019,15753
1/24/2019,15675
1/25/2019,15855
1/26/2019,15545
1/27/2019,15787
1/28/2019,15839
1/29/2019,15821
1/30/2019,15990
1/31/2019,16039
2/1/2019,15987
2/2/2019,15995
2/3/2019,16007
2/4/2019,15955
2/5/2019,16010
2/6/2019,15701
2/7/2019,15651
2/8/2019,15643
2/9/2019,15409
2/10/2019,15692
2/11/2019,15627
2/12/2019,15638
2/13/2019,15792
2/14/2019,15850
2/15/2019,15924
2/16/2019,15932
2/17/2019,15924
2/18/2019,15906
2/19/2019,15953
2/20/2019,15909
2/21/2019,15801
2/22/2019,15875
2/23/2019,15642
2/24/2019,15685
2/25/2019,15966
2/26/2019,15996
2/27/2019,15896
2/28/2019,15823
3/1/2019,15761
3/2/2019,15769
3/3/2019,15827
3/4/2019,15825
3/5/2019,15773
3/6/2019,15704
3/7/2019,15690
3/8/2019,15777
3/9/2019,15785
3/10/2019,15502
3/11/2019,15851
3/12/2019,15888
3/13/2019,15906
3/14/2019,15854
3/15/2019,15888
3/16/2019,15896
3/17/2019,15875
3/18/2019,15867
3/19/2019,15895
3/20/2019,16039
3/21/2019,15956
3/22/2019,15949
3/23/2019,15678
3/24/2019,15924
3/25/2019,16033
3/26/2019,16021
3/27/2019,15768
3/28/2019,15728
3/29/2019,15772
3/30/2019,15780
3/31/2019,15829
4/1/2019,15742
4/2/2019,15657
4/3/2019,15738
4/4/2019,15674
4/5/2019,15615
4/6/2019,15623
4/7/2019,15616
4/8/2019,15630
4/9/2019,15658
4/10/2019,15696
4/11/2019,15596
4/12/2019,15686
4/13/2019,15435
4/14/2019,15451
4/15/2019,15666
4/16/2019,15542
4/17/2019,15578
4/18/2019,15484
4/19/2019,15492
4/20/2019,15522
4/21/2019,15518
4/22/2019,15280
4/23/2019,15423
4/24/2019,15284
4/25/2019,15367
4/26/2019,15490
4/27/2019,15233
4/28/2019,15488
4/29/2019,15499
4/30/2019,15466
5/1/2019,15403
5/2/2019,15361
5/3/2019,15421
5/4/2019,15451
5/5/2019,15366
5/6/2019,15352
5/7/2019,15341
5/8/2019,15359
5/9/2019,15386
5/10/2019,15365
5/11/2019,15396
5/12/2019,15388
5/13/2019,15312
5/14/2019,15336
5/15/2019,15283
5/16/2019,15206
5/17/2019,15229
5/18/2019,15259
5/19/2019,15269
5/20/2019,15276
5/21/2019,15193
5/22/2019,14961
5/23/2019,15230
5/24/2019,15298
5/25/2019,15059
5/26/2019,15308
5/27/2019,15285
5/28/2019,15108
5/29/2019,15219
5/30/2019,15206
5/31/2019,15270
6/1/2019,15300
6/2/2019,14989
6/3/2019,15396
6/4/2019,15438
6/5/2019,15484
6/6/2019,15464
6/7/2019,15564
6/8/2019,15594
6/9/2019,15574
6/10/2019,15416
6/11/2019,15357
6/12/2019,15312
6/13/2019,15261
6/14/2019,15117
6/15/2019,14945
6/16/2019,15199
6/17/2019,15145
6/18/2019,15216
6/19/2019,15268
6/20/2019,15316
6/21/2019,15073
6/22/2019,15313
6/23/2019,15323
6/24/2019,15405
6/25/2019,15435
6/26/2019,15542
6/27/2019,15598
6/28/2019,15638
6/29/2019,15669
6/30/2019,15671
7/1/2019,15335
7/2/2019,15284
7/3/2019,15573
7/4/2019,15531
7/5/2019,15374
7/6/2019,15404
7/7/2019,15409
7/8/2019,15369
7/9/2019,15309
7/10/2019,15415
7/11/2019,15459
7/12/2019,15527
7/13/2019,15558
7/14/2019,15553
7/15/2019,15576
7/16/2019,15523
7/17/2019,15589
7/18/2019,15706
7/19/2019,15694
7/20/2019,15483
7/21/2019,15722
7/22/2019,15625
7/23/2019,15520
7/24/2019,15527
7/25/2019,15432
7/26/2019,15373
7/27/2019,15403
7/28/2019,15406
7/29/2019,15384
7/30/2019,15347
7/31/2019,15198
8/1/2019,15208
8/2/2019,15168
8/3/2019,15176
8/4/2019,15137
8/5/2019,15219
8/6/2019,15153
8/7/2019,14969
8/8/2019,15048
8/9/2019,15008
8/10/2019,15016
8/11/2019,15000
8/12/2019,14961
8/13/2019,14990
8/14/2019,14940
8/15/2019,14931
8/16/2019,14913
8/17/2019,14921
8/18/2019,14914
8/19/2019,14859
8/20/2019,14876
8/21/2019,14861
8/22/2019,14818
8/23/2019,14855
8/24/2019,14372
8/25/2019,14518
8/26/2019,14813
8/27/2019,14770
8/28/2019,14707
8/29/2019,14658
8/30/2019,14644
8/31/2019,14651
9/1/2019,14621
9/2/2019,14628
9/3/2019,14707
9/4/2019,14749
9/5/2019,14778
9/6/2019,14843
9/7/2019,14535
9/8/2019,14768
9/9/2019,14913
9/10/2019,14880
9/11/2019,14898
9/12/2019,14846
9/13/2019,14792
9/14/2019,14800
9/15/2019,14817
9/16/2019,14717
9/17/2019,14761
9/18/2019,14665
9/19/2019,14609
9/20/2019,14513
9/21/2019,14523
9/22/2019,14543
9/23/2019,14604
9/24/2019,14660
9/25/2019,14556
9/26/2019,14612
9/27/2019,14581
9/28/2019,14375
9/29/2019,14582
9/30/2019,14526
10/1/2019,14208
10/2/2019,14258
10/3/2019,14625
10/4/2019,14637
10/5/2019,14431
10/6/2019,14665
10/7/2019,14597
10/8/2019,14614
10/9/2019,14589
10/10/2019,14671
10/11/2019,14633
10/12/2019,14700
10/13/2019,14448
10/14/2019,14623
10/15/2019,14607
10/16/2019,14583
10/17/2019,14739
10/18/2019,14797
10/19/2019,14809
10/20/2019,14816
10/21/2019,14874
10/22/2019,14876
10/23/2019,14900
10/24/2019,14792
10/25/2019,14727
10/26/2019,14735
10/27/2019,14758
10/28/2019,14743
10/29/2019,14737
10/30/2019,14864
10/31/2019,14883
11/1/2019,14910
11/2/2019,14918
11/3/2019,14933
11/4/2019,14855
11/5/2019,14783
11/6/2019,14769
11/7/2019,14788
11/8/2019,14642
11/9/2019,14725
11/10/2019,14695
11/11/2019,14764
11/12/2019,14701
11/13/2019,14878
11/14/2019,14808
11/15/2019,14842
11/16/2019,14587
11/17/2019,14827
11/18/2019,14843
11/19/2019,14921
11/20/2019,14866
11/21/2019,14857
11/22/2019,14863
11/23/2019,14873
11/24/2019,14872
11/25/2019,14885
11/26/2019,14912
11/27/2019,14880
11/28/2019,14895
11/29/2019,14890
11/30/2019,14613
12/1/2019,14878
12/2/2019,15075
12/3/2019,15126
12/4/2019,15175
12/5/2019,15161
12/6/2019,15199
12/7/2019,15187
12/8/2019,15197
12/9/2019,15168
12/10/2019,15162
12/11/2019,15247
12/12/2019,15337
12/13/2019,15275
12/14/2019,15293
12/15/2019,15275
12/16/2019,15271
12/17/2019,15214
12/18/2019,15254
12/19/2019,15311
12/20/2019,15293
12/21/2019,15294
12/22/2019,15309
12/23/2019,15369
12/24/2019,15379
12/25/2019,15386
12/26/2019,15453
12/27/2019,15471
12/28/2019,15449
12/29/2019,15538
12/30/2019,15602
12/31/2019,15552
1/1/2020,15606
1/2/2020,15522
1/3/2020,15440
1/4/2020,15442
1/5/2020,15420
1/6/2020,15449
1/7/2020,15362
1/8/2020,15412
1/9/2020,15309
1/10/2020,15341
1/11/2020,15079
1/12/2020,15105
1/13/2020,15348
1/14/2020,15309
1/15/2020,15325
1/16/2020,15375
1/17/2020,15299
1/18/2020,15319
1/19/2020,15337
1/20/2020,15311
1/21/2020,15270
1/22/2020,15282
1/23/2020,15323
1/24/2020,15297
1/25/2020,15316
1/26/2020,15228
1/27/2020,15164
1/28/2020,15150
1/29/2020,15114
1/30/2020,15028
1/31/2020,14972
2/1/2020,14985
2/2/2020,14973
2/3/2020,14974
2/4/2020,15087
2/5/2020,15059
2/6/2020,15002
2/7/2020,14862
2/8/2020,14876
2/9/2020,14871
2/10/2020,14839
2/11/2020,14881
2/12/2020,14978
2/13/2020,14965
2/14/2020,14920
2/15/2020,14951
2/16/2020,14980
2/17/2020,14953
2/18/2020,14855
2/19/2020,14844
2/20/2020,14711
2/21/2020,14743
2/22/2020,14750
2/23/2020,14692
2/24/2020,14738
2/25/2020,14686
2/26/2020,14607
2/27/2020,14665
2/28/2020,14333
2/29/2020,14524
3/1/2020,14475
3/2/2020,14549
3/3/2020,14564
3/4/2020,14614
3/5/2020,14642
3/6/2020,14730
3/7/2020,14742
3/8/2020,14686
3/9/2020,14708
3/10/2020,14540
3/11/2020,14531
3/12/2020,14182
3/13/2020,14064
3/14/2020,14072
3/15/2020,14033
3/16/2020,14022
3/17/2020,13822
3/18/2020,13315
3/19/2020,13202
3/20/2020,13265
3/21/2020,13276
3/22/2020,13073
3/23/2020,13344
3/24/2020,13545
3/25/2020,13504
3/26/2020,13892
3/27/2020,14032
3/28/2020,14040
3/29/2020,13936
3/30/2020,14195
3/31/2020,14058
4/1/2020,14025
4/2/2020,13971
4/3/2020,13812
4/4/2020,13910
4/5/2020,13832
4/6/2020,14049
4/7/2020,14085
4/8/2020,14214
4/9/2020,14353
4/10/2020,14368
4/11/2020,14376
4/12/2020,14356
4/13/2020,14415
4/14/2020,14301
4/15/2020,14050
4/16/2020,14057
4/17/2020,14123
4/18/2020,13853
4/19/2020,14038
4/20/2020,14166
4/21/2020,13976
4/22/2020,13881
4/23/2020,14074
4/24/2020,14100
4/25/2020,14102
4/26/2020,14114
4/27/2020,14117
4/28/2020,14246
4/29/2020,14390
4/30/2020,14345
5/1/2020,14214
5/2/2020,14222
5/3/2020,14104
5/4/2020,14181
5/5/2020,14186
5/6/2020,14074
5/7/2020,14289
5/8/2020,14355
5/9/2020,14363
5/10/2020,14373
5/11/2020,14219
5/12/2020,14157
5/13/2020,13994
5/14/2020,14024
5/15/2020,13826
5/16/2020,13851
5/17/2020,13850
5/18/2020,14094
5/19/2020,14194
5/20/2020,14334
5/21/2020,14285
5/22/2020,14217
5/23/2020,14186
5/24/2020,14245
5/25/2020,14246
5/26/2020,14447
5/27/2020,14420
5/28/2020,14447
5/29/2020,14437
5/30/2020,14443
5/31/2020,14430
6/1/2020,14612
6/2/2020,14852
6/3/2020,14952
6/4/2020,15033
6/5/2020,15129
6/6/2020,15149
6/7/2020,15203
6/8/2020,15276
6/9/2020,15111
6/10/2020,15144
6/11/2020,14915
6/12/2020,14972
6/13/2020,15000
6/14/2020,14928
6/15/2020,15117
6/16/2020,15026
6/17/2020,14996
6/18/2020,14951
6/19/2020,14902
6/20/2020,14907
6/21/2020,14892
6/22/2020,15110
6/23/2020,15119
6/24/2020,14896
6/25/2020,14956
6/26/2020,14903
6/27/2020,14914
6/28/2020,14901
6/29/2020,14949
6/30/2020,14996
7/1/2020,15070
7/2/2020,15095
7/3/2020,15147
7/4/2020,15165
7/5/2020,15170
7/6/2020,15215
7/7/2020,15179
7/8/2020,15235
7/9/2020,15218
7/10/2020,15245
7/11/2020,15016
7/12/2020,14993
7/13/2020,15152
7/14/2020,15166
7/15/2020,15229
7/16/2020,15161
7/17/2020,15178
7/19/2020,15219
7/20/2020,15257
7/21/2020,15403
7/22/2020,15430
7/23/2020,15377
7/24/2020,15388
7/25/2020,15407
7/26/2020,15406
7/27/2020,15502
7/28/2020,15422
7/29/2020,15424
7/30/2020,15517
7/31/2020,15362
8/1/2020,15367
8/2/2020,15382
8/3/2020,15322
8/4/2020,15398
8/5/2020,15404
8/6/2020,15485
8/7/2020,15274
8/8/2020,15110
8/9/2020,15340
8/10/2020,15275
8/11/2020,15220
8/12/2020,15231
8/13/2020,15170
8/14/2020,15154
8/15/2020,15157
8/16/2020,15163
8/17/2020,15186
8/18/2020,15315
8/19/2020,15201
8/20/2020,15158
8/21/2020,15126
8/22/2020,15181
8/23/2020,15152
8/24/2020,15124
8/25/2020,15181
8/26/2020,15366
8/27/2020,15394
8/28/2020,15615
8/29/2020,15623
8/30/2020,15629
8/31/2020,15599
9/1/2020,15681
9/2/2020,15681
9/3/2020,15492
9/4/2020,15481
9/5/2020,15547
9/6/2020,15558
9/7/2020,15502
9/8/2020,15322
9/9/2020,15483
9/10/2020,15401
9/11/2020,15430
9/12/2020,15474
9/13/2020,15489
9/14/2020,15520
9/15/2020,15550
9/16/2020,15577
9/17/2020,15663
9/18/2020,15661
9/19/2020,15673
9/20/2020,15667
9/21/2020,15448
9/22/2020,15367
9/23/2020,15171
9/24/2020,15176
9/25/2020,15156
9/26/2020,15159
9/27/2020,15194
9/28/2020,15226
9/29/2020,15303
9/30/2020,15346
10/1/2020,15417
10/2/2020,15345
10/3/2020,15379
10/4/2020,15399
10/5/2020,15428
10/6/2020,15285
10/7/2020,15252
10/8/2020,15274
10/9/2020,15412
10/10/2020,15448
10/11/2020,15448
10/12/2020,15404
10/13/2020,15420
10/14/2020,15418
10/15/2020,15283
10/16/2020,15230
10/17/2020,15312
10/18/2020,15336
10/19/2020,15275
10/20/2020,15245
10/21/2020,15400
10/22/2020,15461
10/23/2020,15433
10/24/2020,15461
10/25/2020,15488
10/26/2020,15470
10/27/2020,15523
10/28/2020,15407
10/29/2020,15358
10/30/2020,15170
10/31/2020,15447
11/1/2020,15295
11/2/2020,15364
11/3/2020,15592
11/4/2020,15525
11/5/2020,15673
11/6/2020,15683
11/7/2020,15699
11/8/2020,15757
11/9/2020,15810
11/10/2020,15818
11/11/2020,15993
11/12/2020,15845
11/13/2020,15797
11/14/2020,15859
11/15/2020,15926
11/16/2020,16004
11/17/2020,15952
11/18/2020,16025
11/19/2020,16001
11/20/2020,16053
11/21/2020,16062
11/22/2020,16096
11/23/2020,16060
11/24/2020,16155
11/25/2020,16212
11/26/2020,16220
11/27/2020,16228
11/28/2020,16255
11/29/2020,16294
11/30/2020,16239
12/1/2020,16350
12/2/2020,16352
12/3/2020,16354
12/4/2020,16280
12/5/2020,16311
12/6/2020,16287
12/7/2020,16270
12/8/2020,16280
12/9/2020,16223
12/10/2020,16401
12/11/2020,16342
12/12/2020,16403
12/13/2020,16416
12/14/2020,16384
12/15/2020,16386
12/16/2020,16441
12/17/2020,16522
12/18/2020,16434
12/19/2020,16507
12/20/2020,16429
12/21/2020,16403
12/22/2020,16309
12/23/2020,16414
12/24/2020,16293
12/25/2020,16412
12/26/2020,16479
12/27/2020,16459
12/28/2020,16428
12/29/2020,16522
12/30/2020,16658
12/31/2020,16555
1/1/2021,13519
1/2/2021,15179
1/3/2021,16611
1/4/2021,16553
1/5/2021,16745
1/6/2021,16860
1/7/2021,16763
1/8/2021,16587
1/9/2021,16423
1/10/2021,16640
1/11/2021,16534
1/12/2021,16669
1/13/2021,16576
1/14/2021,16644
1/15/2021,16177
1/16/2021,16084
1/17/2021,16486
1/18/2021,16411
1/19/2021,16443
1/20/2021,16578
1/21/2021,16631
1/22/2021,16301
1/23/2021,16608
1/24/2021,16573
1/25/2021,16601
1/26/2021,16693
1/27/2021,16471
1/28/2021,16541
1/29/2021,16239
1/30/2021,15995
1/31/2021,16495
2/1/2021,16507
2/2/2021,16568
2/3/2021,16611
2/4/2021,16478
2/5/2021,16517
2/6/2021,16523
2/7/2021,16591
2/8/2021,16598
2/9/2021,16659
2/10/2021,16608
2/11/2021,16629
2/12/2021,16562
2/13/2021,16631
2/14/2021,16613
2/15/2021,16641
2/16/2021,16541
2/17/2021,16549
2/18/2021,16605
2/19/2021,16568
2/20/2021,16368
2/21/2021,16859
2/22/2021,16869
2/23/2021,16891
2/24/2021,17134
2/25/2021,16954
2/26/2021,16644
2/27/2021,16650
2/28/2021,16734
3/1/2021,16740
3/2/2021,16786
3/3/2021,16639
3/4/2021,16520
3/5/2021,16452
3/6/2021,16504
3/7/2021,16533
3/8/2021,16192
3/9/2021,16309
3/10/2021,16575
3/11/2021,16656
3/12/2021,16541
3/13/2021,16548
3/14/2021,16276
3/15/2021,16622
3/16/2021,16600
3/17/2021,16708
3/18/2021,16530
3/19/2021,16525
3/20/2021,16532
3/21/2021,16276
3/22/2021,16458
3/23/2021,16123
3/24/2021,16081
3/25/2021,16082
3/26/2021,16153
3/27/2021,16187
3/28/2021,16144
3/29/2021,16163
3/30/2021,16127
3/31/2021,16111
4/1/2021,16192
4/2/2021,16216
4/3/2021,16226
4/4/2021,16220
4/5/2021,16305
4/6/2021,16306
4/7/2021,16190
4/8/2021,16297
4/9/2021,16226
4/10/2021,15954
4/11/2021,16213
4/12/2021,16219
4/13/2021,16286
4/14/2021,16468
4/15/2021,16554
4/16/2021,16410
4/17/2021,16244
4/18/2021,16209
4/19/2021,16587
4/20/2021,16531
4/21/2021,16621
4/22/2021,16500
4/23/2021,16531
4/24/2021,16252
4/25/2021,16539
4/26/2021,16655
4/27/2021,16596
4/28/2021,16753
4/29/2021,16705
4/30/2021,16500
5/1/2021,16347
5/2/2021,16615
5/3/2021,16592
5/4/2021,16506
5/5/2021,16645
5/6/2021,16673
5/7/2021,16778
5/8/2021,16423
5/9/2021,16701
5/10/2021,16760
5/11/2021,16740
5/12/2021,16513
5/13/2021,16547
5/14/2021,16668
5/15/2021,16683
5/16/2021,16697
5/17/2021,16634
5/18/2021,16669
5/19/2021,16500
5/20/2021,16581
5/21/2021,16508
5/22/2021,16617
5/23/2021,16536
5/24/2021,16632
5/25/2021,16654
5/26/2021,16776
5/27/2021,16777
5/28/2021,16478
5/29/2021,16727
5/30/2021,16690
5/31/2021,16763
6/1/2021,16702
6/2/2021,16664
6/3/2021,16468
6/4/2021,16608
6/5/2021,16627
6/6/2021,16616
6/7/2021,16608
6/8/2021,16500
6/9/2021,16462
6/10/2021,16494
6/11/2021,16302
6/12/2021,16355
6/13/2021,16379
6/14/2021,16388
6/15/2021,16341
6/16/2021,16222
6/17/2021,16105
6/18/2021,15929
6/19/2021,15952
6/20/2021,15985
6/21/2021,16074
6/22/2021,16155
6/23/2021,16215
6/24/2021,16243
6/25/2021,16197
6/26/2021,16271
6/27/2021,16043
6/28/2021,16224
6/29/2021,16086
6/30/2021,16097
7/1/2021,16021
7/2/2021,16147
7/3/2021,15877
7/4/2021,16107
7/5/2021,16208
7/6/2021,16141
7/7/2021,16139
7/8/2021,15985
7/9/2021,15829
7/10/2021,15581
7/11/2021,16091
7/12/2021,16077
7/13/2021,15974
7/14/2021,16192
7/15/2021,16129
7/16/2021,16072
7/17/2021,15855
7/18/2021,16088
7/19/2021,15948
7/20/2021,15940
7/21/2021,16019
7/22/2021,16059
7/23/2021,16010
7/24/2021,15787
7/25/2021,16055
7/26/2021,16107
7/27/2021,16017
7/28/2021,16005
7/29/2021,16097
7/30/2021,15861
7/31/2021,16007
8/1/2021,16010
8/2/2021,16033
8/3/2021,16168
8/4/2021,16159
8/5/2021,16156
8/6/2021,16062
8/7/2021,15893
8/8/2021,15846
8/9/2021,16018
8/10/2021,16032
8/11/2021,16057
8/12/2021,15973
8/13/2021,16043
8/14/2021,16082
8/15/2021,16069
8/16/2021,16040
8/17/2021,15812
8/18/2021,15675
8/19/2021,15554
8/20/2021,15570
8/21/2021,15321
8/22/2021,15332
8/23/2021,15732
8/24/2021,15828
8/25/2021,15887
8/26/2021,15822
8/27/2021,15928
8/28/2021,15977
8/29/2021,15974
8/30/2021,15934
8/31/2021,16056
9/1/2021,16078
9/2/2021,16182
9/3/2021,16114
9/4/2021,16277
9/5/2021,16279
9/6/2021,16240
9/7/2021,16142
9/8/2021,16151
9/9/2021,16172
9/10/2021,16176
9/11/2021,16189
9/12/2021,16195
9/13/2021,16189
9/14/2021,16145
9/15/2021,16229
9/16/2021,16085
9/17/2021,15979
9/18/2021,16035
9/19/2021,16014
9/20/2021,15976
9/21/2021,15920
9/22/2021,15907
9/23/2021,16077
9/24/2021,15757
9/25/2021,15997
9/26/2021,15974
9/27/2021,15950
9/28/2021,15838
9/29/2021,15633
9/30/2021,15686
10/1/2021,15730
10/2/2021,15817
10/3/2021,15797
10/4/2021,15839
10/5/2021,15819
10/6/2021,15730
10/7/2021,15781
10/8/2021,15728
10/9/2021,15493
10/10/2021,15742
10/11/2021,15792
10/12/2021,15756
10/13/2021,15862
10/14/2021,16010
10/15/2021,16080
10/16/2021,16065
10/17/2021,16134
10/18/2021,16139
10/19/2021,16283
10/20/2021,16382
10/21/2021,16280
10/22/2021,16289
10/23/2021,16270
10/24/2021,16256
10/25/2021,16302
10/26/2021,16313
10/27/2021,16302
10/28/2021,16372
10/29/2021,16319
10/30/2021,16305
10/31/2021,16320
11/1/2021,16335
11/2/2021,16208
11/3/2021,16322
11/4/2021,16126
11/5/2021,16137
11/6/2021,16137
11/7/2021,16126
11/8/2021,16223
11/9/2021,16145
11/10/2021,16017
11/11/2021,15899
11/12/2021,15953
11/13/2021,15962
11/14/2021,15947
11/15/2021,15946
11/16/2021,15834
11/17/2021,15863
11/18/2021,15954
11/19/2021,15898
11/20/2021,15895
11/21/2021,15842
11/22/2021,15760
11/23/2021,15766
11/24/2021,15599
11/25/2021,15526
11/26/2021,15466
11/27/2021,15471
11/28/2021,15473
11/29/2021,15499
11/30/2021,15490
12/1/2021,15473
12/2/2021,15485
12/3/2021,15415
12/4/2021,15398
12/5/2021,15434
12/6/2021,15539
12/7/2021,15659
12/8/2021,15608
12/9/2021,15619
12/10/2021,15650
12/11/2021,15659
12/12/2021,15649
12/13/2021,15514
12/14/2021,15500
12/15/2021,15611
12/16/2021,15626
12/17/2021,15555
12/18/2021,15489
12/19/2021,15466
12/20/2021,15390
12/21/2021,15518
12/22/2021,15627
12/23/2021,15656
12/24/2021,15577
12/25/2021,15576
12/26/2021,15571
12/27/2021,15552
12/28/2021,15542
12/29/2021,15608
12/30/2021,15547
12/31/2021,15634
1/1/2022,15637
1/2/2022,15634
1/3/2022,15516
1/4/2022,15503
1/5/2022,15461
1/6/2022,15336
1/7/2022,15384
1/8/2022,15389
1/9/2022,15373
1/10/2022,15359
1/11/2022,15394
1/12/2022,15542
1/13/2022,15586
1/14/2022,15449
1/15/2022,15450
1/16/2022,15464
1/17/2022,15448
1/18/2022,15406
1/19/2022,15394
1/20/2022,15289
1/21/2022,15189
1/22/2022,15217
1/23/2022,15211
1/24/2022,15208
1/25/2022,15144
1/26/2022,15074
1/27/2022,14908
1/28/2022,14813
1/29/2022,14819
1/30/2022,14831
1/31/2022,14901
2/1/2022,15028
2/2/2022,14978
2/3/2022,15100
2/4/2022,15049
2/5/2022,15060
2/6/2022,14989
2/7/2022,15045
2/8/2022,15104
2/9/2022,15154
2/10/2022,15123
2/11/2022,15087
2/12/2022,15086
2/13/2022,15084
2/14/2022,15042
2/15/2022,15110
2/16/2022,15203
2/17/2022,15251
2/18/2022,15300
2/19/2022,15299
2/20/2022,15274
2/21/2022,15269
2/22/2022,15381
2/23/2022,15457
2/24/2022,15276
2/25/2022,15394
2/26/2022,15379
2/27/2022,15280
2/28/2022,15439
3/1/2022,15431
3/2/2022,15494
3/3/2022,15550
3/4/2022,15671
3/5/2022,15674
3/6/2022,15696
3/7/2022,15623
3/8/2022,15545
3/9/2022,15614
3/10/2022,15703
3/11/2022,15576
3/12/2022,15575
3/13/2022,15590
3/14/2022,15458
3/15/2022,15475
3/16/2022,15630
3/17/2022,15757
3/18/2022,15799
3/19/2022,15794
3/20/2022,15773
3/21/2022,15725
3/22/2022,15923
3/23/2022,15954
3/24/2022,15930
3/25/2022,15929
3/26/2022,15944
3/27/2022,15907
3/28/2022,15796
3/29/2022,15873
3/30/2022,15931
3/31/2022,15831
4/1/2022,15829
4/2/2022,15829
4/3/2022,15775
4/4/2022,15872
4/5/2022,15896
4/6/2022,15804
4/7/2022,15739
4/8/2022,15715
4/9/2022,15679
4/10/2022,15625
4/11/2022,15585
4/12/2022,15692
4/13/2022,15567
4/14/2022,15530
4/15/2022,15490
4/16/2022,15485
4/17/2022,15486
4/18/2022,15423
4/19/2022,15487
4/20/2022,15577
4/21/2022,15441
4/22/2022,15224
4/23/2022,15268
4/24/2022,15213
4/25/2022,15213
4/26/2022,15107
4/27/2022,15028
4/28/2022,14905
4/29/2022,14845
4/30/2022,14844
5/1/2022,14831
5/2/2022,14790
5/3/2022,14774
5/4/2022,15046
5/5/2022,14760
5/6/2022,14711
5/7/2022,14713
5/8/2022,14666
5/9/2022,14512
5/10/2022,14428
5/11/2022,14488
5/12/2022,14429
5/13/2022,14446
5/14/2022,14437
5/15/2022,14519
5/16/2022,14579
5/17/2022,14704
5/18/2022,14568
5/19/2022,14772
5/20/2022,14807
5/21/2022,14802
5/22/2022,14877
5/23/2022,14940
5/24/2022,14975
5/25/2022,15030
5/26/2022,15046
5/27/2022,15153
5/28/2022,15144
5/29/2022,15157
5/30/2022,15200
5/31/2022,15115
6/1/2022,15034
6/2/2022,15218
6/3/2022,15162
6/4/2022,15101
6/5/2022,15095
6/6/2022,15036
6/7/2022,15029
6/8/2022,14944
6/9/2022,14790
6/10/2022,14787
6/11/2022,14773
6/12/2022,14692
6/13/2022,14555
6/14/2022,14453
6/15/2022,14619
6/16/2022,14783
6/17/2022,14672
6/18/2022,14650
6/19/2022,14693
6/20/2022,14726
6/21/2022,14674
6/22/2022,14572
6/23/2022,14613
6/24/2022,14721
6/25/2022,14721
6/26/2022,14680
6/27/2022,14630
6/28/2022,14506
6/29/2022,14484
6/30/2022,14522
7/1/2022,14287
7/2/2022,14286
7/3/2022,14475
7/4/2022,14519
7/5/2022,14405
7/6/2022,14378
7/7/2022,14431
7/8/2022,14481
7/9/2022,14469
7/10/2022,14451
7/11/2022,14295
7/12/2022,14323
7/13/2022,14289
7/14/2022,14363
7/15/2022,14469
7/16/2022,14452
7/17/2022,14516
7/18/2022,14425
7/19/2022,14593
7/20/2022,14578
7/21/2022,14618
7/22/2022,14666
7/23/2022,14639
7/24/2022,14588
7/25/2022,14637
7/26/2022,14586
7/27/2022,14639
7/28/2022,14709
7/29/2022,14482
7/30/2022,14463
7/31/2022,14654
8/1/2022,14790
8/2/2022,14531
8/3/2022,14663
8/4/2022,14732
8/5/2022,14580
8/6/2022,14568
8/7/2022,14595
8/8/2022,14708
8/9/2022,14703
8/10/2022,14984
8/11/2022,15055
8/12/2022,15102
8/13/2022,15102
8/14/2022,15088
8/15/2022,14891
8/16/2022,14846
8/17/2022,14690
8/18/2022,14619
8/19/2022,14457
8/20/2022,14447
8/21/2022,14454
8/22/2022,14464
8/23/2022,14546
8/24/2022,14489
8/25/2022,14565
8/26/2022,14370
8/27/2022,14368
8/28/2022,14312
8/29/2022,14436
8/30/2022,14360
8/31/2022,14336
9/1/2022,14275
9/2/2022,14341
9/3/2022,14315
9/4/2022,14278
9/5/2022,14351
9/6/2022,14191
9/7/2022,14302
9/8/2022,14296
9/9/2022,14417
9/10/2022,14386
9/11/2022,14379
9/12/2022,14458
9/13/2022,14145
9/14/2022,14198
9/15/2022,14075
9/16/2022,14158
9/17/2022,14375
9/18/2022,14182
9/19/2022,14120
9/20/2022,13971
9/21/2022,13811
9/22/2022,13865
9/23/2022,13615
9/24/2022,13620
9/25/2022,13610
9/26/2022,13440
9/27/2022,13367
9/28/2022,13579
9/29/2022,13685
9/30/2022,13341
10/1/2022,13337
10/2/2022,13404
10/3/2022,13661
10/4/2022,13702
10/5/2022,13773
10/6/2022,13516
10/7/2022,13388
10/8/2022,13408
10/9/2022,13392
10/10/2022,13303
10/11/2022,13364
10/12/2022,13442
10/13/2022,13615
10/14/2022,13424
10/15/2022,13432
10/16/2022,13454
10/17/2022,13763
10/18/2022,13916
10/19/2022,13858
10/20/2022,13913
10/21/2022,14261
10/22/2022,14287
10/23/2022,14316
10/24/2022,14178
10/25/2022,14268
10/26/2022,14508
10/27/2022,14475
10/28/2022,14423
10/29/2022,14114
10/30/2022,14406
10/31/2022,14472
11/1/2022,14537
11/2/2022,14443
11/3/2022,14343
11/4/2022,14760
11/5/2022,14734
11/6/2022,14661
11/7/2022,14773
11/8/2022,14829
11/9/2022,14636
11/10/2022,14969
11/11/2022,15184
11/12/2022,15143
11/13/2022,15148
11/14/2022,15068
11/15/2022,15277
11/16/2022,15240
11/17/2022,15207
11/18/2022,15205
11/19/2022,15263
11/20/2022,15299
11/21/2022,15146
11/22/2022,15298
11/23/2022,15535
11/24/2022,15547
11/25/2022,15474
11/26/2022,15474
11/27/2022,15398
11/28/2022,15269
11/29/2022,15334
11/30/2022,15563
12/1/2022,15617
12/2/2022,15628
12/3/2022,15628
12/4/2022,15603
12/5/2022,15170
12/6/2022,15171
12/7/2022,15201
12/8/2022,15183
12/9/2022,15107
12/10/2022,15110
12/11/2022,15070
12/12/2022,15141
12/13/2022,15245
12/14/2022,15194
12/15/2022,14920
12/16/2022,15034
12/17/2022,15034
12/18/2022,15038
12/19/2022,15085
12/20/2022,15070
12/21/2022,14921
12/22/2022,14782
12/23/2022,14849
12/24/2022,14849
12/25/2022,14809
12/26/2022,14886
12/27/2022,14803
12/28/2022,14932
12/29/2022,14988
12/30/2022,15006
12/31/2022,15006
1/1/2023,15019
1/2/2023,14950
1/3/2023,14701
1/4/2023,14786
1/5/2023,14631
1/6/2023,14908
1/7/2023,14908
1/8/2023,14923
1/9/2023,14940
1/10/2023,14944
1/11/2023,14928
1/12/2023,14972
1/13/2023,14971
1/14/2023,14971
1/15/2023,14966
1/16/2023,14976
1/17/2023,15067
1/18/2023,15108
1/19/2023,14996
1/20/2023,15177
1/21/2023,15177
1/22/2023,15215
1/23/2023,15220
1/24/2023,15226
1/25/2023,15205
1/26/2023,15219
1/27/2023,15230
1/28/2023,15230
1/29/2023,15236
1/30/2023,15182
1/31/2023,15094
2/1/2023,15280
2/2/2023,15187
2/3/2023,14830
2/4/2023,14850
2/5/2023,14838
2/6/2023,14813
2/7/2023,14925
2/8/2023,14894
2/9/2023,14911
2/10/2023,14870
2/11/2023,14871
2/12/2023,14880
2/13/2023,15014
2/14/2023,14955
2/15/2023,14847
2/16/2023,14806
2/17/2023,14876
2/18/2023,14876
2/19/2023,14853
2/20/2023,14851
2/21/2023,14742
2/22/2023,14811
2/23/2023,14849
2/24/2023,14635
2/25/2023,14664
2/26/2023,14669
2/27/2023,14682
2/28/2023,14695
3/1/2023,14837
3/2/2023,14756
3/3/2023,14766
3/4/2023,14766
3/5/2023,14733
3/6/2023,14668
3/7/2023,14451
3/8/2023,14502
3/9/2023,14455
3/10/2023,14513
3/11/2023,14513
3/12/2023,14584
3/13/2023,14661
3/14/2023,14695
3/15/2023,14540
3/16/2023,14623
3/17/2023,14798
3/18/2023,14771
3/19/2023,14797
3/20/2023,14719
3/21/2023,14604
3/22/2023,14661
3/23/2023,14678
3/24/2023,14597
3/25/2023,14597
3/26/2023,14602
3/27/2023,14589
3/28/2023,14690
3/29/2023,14612
3/30/2023,14722
3/31/2023,14687
4/1/2023,14687
4/2/2023,14621
4/3/2023,14798
4/4/2023,14820
4/5/2023,14830
4/6/2023,14645
4/7/2023,14697
4/8/2023,14697
4/9/2023,14663
4/10/2023,14598
4/11/2023,14527
4/12/2023,14581
4/13/2023,14772
4/14/2023,14570
4/15/2023,14570
4/16/2023,14539
4/17/2023,14521
4/18/2023,14615
4/19/2023,14486
4/20/2023,14515
4/21/2023,14426
4/22/2023,14426
4/23/2023,14432
4/24/2023,14509
4/25/2023,14427
4/26/2023,14368
4/27/2023,14416
4/28/2023,14485
4/29/2023,14514
4/30/2023,14483
5/1/2023,14467
5/2/2023,14612
5/3/2023,14567
5/4/2023,14752
5/5/2023,14713
5/6/2023,14713
5/7/2023,14773
5/8/2023,14862
5/9/2023,14876
5/10/2023,14953
5/11/2023,14768
5/12/2023,14559
5/13/2023,14525
5/14/2023,14536
5/15/2023,14644
5/16/2023,14627
5/17/2023,14648
5/18/2023,14626
5/19/2023,14728
5/20/2023,14754
5/21/2023,14744
5/22/2023,14735
5/23/2023,14673
5/24/2023,14332
5/25/2023,14209
5/26/2023,14198
5/27/2023,14198
5/28/2023,14223
5/29/2023,14186
5/30/2023,14197
5/31/2023,14154
6/1/2023,14247
6/2/2023,14232
6/3/2023,14239
6/4/2023,14225
6/5/2023,14264
6/6/2023,14277
6/7/2023,14189
6/8/2023,14317
6/9/2023,14313
6/10/2023,14387
6/11/2023,14393
6/12/2023,14391
6/13/2023,14474
6/14/2023,14566
6/15/2023,14673
6/16/2023,14718
6/17/2023,14622
6/18/2023,14659
6/19/2023,14591
6/20/2023,14507
6/21/2023,14591
6/22/2023,14544
6/23/2023,14455
6/24/2023,14450
6/25/2023,14465
6/26/2023,14507
6/27/2023,14486
6/28/2023,14311
6/29/2023,14301
6/30/2023,14476
7/1/2023,14411
7/2/2023,14462
7/3/2023,14594
7/4/2023,14695
7/5/2023,14673
7/6/2023,14619
7/7/2023,14668
7/8/2023,14690
7/9/2023,14675
7/10/2023,14680
7/11/2023,14694
7/12/2023,14924
7/13/2023,15131
7/14/2023,15057
7/15/2023,15061
7/16/2023,15049
7/17/2023,14942
7/18/2023,14886
7/19/2023,14804
7/20/2023,14736
7/21/2023,14618
7/22/2023,14620
7/23/2023,14591
7/24/2023,14678
7/25/2023,14708
7/26/2023,14706
7/27/2023,14645
7/28/2023,14606
7/29/2023,14606
7/30/2023,14596
7/31/2023,14697
8/1/2023,14551
8/2/2023,14447
8/3/2023,14451
8/4/2023,14402
8/5/2023,14318
8/6/2023,14477
8/7/2023,14489
8/8/2023,14377
8/9/2023,14394
8/10/2023,14283
8/11/2023,14220
8/12/2023,14220
8/13/2023,14218
8/14/2023,14234
8/15/2023,14282
8/16/2023,14203
8/17/2023,14140
8/18/2023,14106
8/19/2023,14106
8/20/2023,14111
8/21/2023,14123
8/22/2023,14150
8/23/2023,14304
8/24/2023,14209
8/25/2023,14168
8/26/2023,14168
8/27/2023,14191
8/28/2023,14235
8/29/2023,14434
8/30/2023,14362
8/31/2023,14394
9/1/2023,14345
9/2/2023,14345
9/3/2023,14314
9/4/2023,14298
9/5/2023,14160
9/6/2023,14126
9/7/2023,14149
9/8/2023,14163
9/9/2023,14163
9/10/2023,14198
9/11/2023,14250
9/12/2023,14249
9/13/2023,14281
9/14/2023,14307
9/15/2023,14319
9/16/2023,14319
9/17/2023,14329
9/18/2023,14438
9/19/2023,14512
9/20/2023,14391
9/21/2023,14429
9/22/2023,14521
9/23/2023,14521
9/24/2023,14519
9/25/2023,14556
9/26/2023,14503
9/27/2023,14434
9/28/2023,14551
9/29/2023,14571
9/30/2023,14571
10/1/2023,14571
10/2/2023,14469
10/3/2023,14425
10/4/2023,14466
10/5/2023,14557
10/6/2023,14593
10/7/2023,14592
10/8/2023,14560
10/9/2023,14706
10/10/2023,14744
10/11/2023,14717
10/12/2023,14477
10/13/2023,14397
10/14/2023,14399
10/15/2023,14443
10/16/2023,14443
10/17/2023,14443
10/18/2023,14382
10/19/2023,14348
10/20/2023,14322
10/21/2023,14317
10/22/2023,14303
10/23/2023,14392
10/24/2023,14357
10/25/2023,14233
10/26/2023,14340
10/27/2023,14283
10/28/2023,14283
10/29/2023,14275
10/30/2023,14347
10/31/2023,14266
11/1/2023,14448
11/2/2023,14490
11/3/2023,14714
11/4/2023,14714
11/5/2023,14710
11/6/2023,14514
11/7/2023,14436
11/8/2023,14412
11/9/2023,14340
11/10/2023,14319
11/11/2023,14320
11/12/2023,14336
11/13/2023,14342
11/14/2023,14643
11/15/2023,14638
11/16/2023,14489
11/17/2023,14549
11/18/2023,14549
11/19/2023,14548
11/20/2023,14603
11/21/2023,14613
11/22/2023,14580
11/23/2023,14662
11/24/2023,14749
11/25/2023,14754
11/26/2023,14751
11/27/2023,14791
11/28/2023,14896
11/29/2023,14939
11/30/2023,14937
12/1/2023,15085
12/2/2023,15079
